,movie_title,link,story
0,肖申克的救贖,https://movie.douban.com/subject/1292052/,一場謀殺案使銀行家安迪（蒂姆•羅賓斯TimRobbins飾）蒙冤入獄，謀殺妻子及其情人的指控將囚禁他終生。在肖申克監獄的首次現身就讓監獄“大哥”瑞德（摩根•弗裡曼MorganFreeman飾）對他另眼相看。瑞德幫助他搞到一把石錘和一幅女明星海報，兩人漸成患難之交。很快，安迪在監獄裡大顯其才，擔當監獄圖書管理員，並利用自己的金融知識幫助監獄官避稅，引起了典獄長的注意，被招致麾下幫助典獄長洗黑錢。偶然一次，他得知一名新入獄的小偷能夠作證幫他洗脫謀殺罪。燃起一絲希望的安迪找到了典獄長，希望他能幫自己翻案。陰險偽善的獄長假裝答應安迪，背後卻派人殺死小偷，讓他唯一能合法出獄的希望泯滅。沮喪的安迪並沒有絕望，在一個電閃雷鳴的風雨夜，一場暗藏幾十年的越獄計畫讓他自我救贖，重獲自由！老朋友瑞德在他的鼓舞和幫助下，也勇敢地奔向自由。本片獲得1995年奧...
1,霸王別姬,https://movie.douban.com/subject/1291546/,段小樓（張豐毅）與程蝶衣（張國榮）是一對打小一起長大的師兄弟，兩人一個演生，一個飾旦，一向配合天衣無縫，尤其一出《霸王別姬》，更是譽滿京城，為此，兩人約定合演一輩子《霸王別姬》。但兩人對戲劇與人生關係的理解有本質不同，段小樓深知戲非人生，程蝶衣則是人戲不分。段小樓在認為該成家立業之時迎娶了名妓菊仙（鞏俐），致使程蝶衣認定菊仙是可恥的第三者，使段小樓做了叛徒，自此，三人圍繞一出《霸王別姬》生出的愛恨情仇戰開始隨著時代風雲的變遷不斷升級，終釀成悲劇。
2,阿甘正傳,https://movie.douban.com/subject/1292720/,阿甘（湯姆·漢克斯飾）于二戰結束後不久出生在美國南方阿拉巴馬州一個閉塞的小鎮，他先天弱智，智商只有75，然而他的媽媽是一個性格堅強的女性，她常常鼓勵阿甘“傻人有傻福”，要他自強不息。阿甘像普通孩子一樣上學，並且認識了一生的朋友和至愛珍妮（羅賓·萊特·潘飾），在珍妮和媽媽的愛護下，阿甘憑著上帝賜予的“飛毛腿”開始了一生不停的奔跑。阿甘成為橄欖球巨星、越戰英雄、乒乓球外交使者、億萬富翁，但是，他始終忘不了珍妮，幾次匆匆的相聚和離別，更是加深了阿甘的思念。有一天，阿甘收到珍妮的信，他們終於又要見面……
3,泰坦尼克號,https://movie.douban.com/subject/1292722/,1912年4月10日，號稱“世界工業史上的奇跡”的豪華客輪泰坦尼克號開始了自己的處女航，從英國的南安普頓出發駛往美國紐約。富家少女羅絲（凱特•溫絲萊特）與母親及未婚夫卡爾坐上了頭等艙；另一邊，放蕩不羈的少年畫家傑克（萊昂納多·迪卡普里奧）也在碼頭的一場賭博中贏得了下等艙的船票。羅絲厭倦了上流社會虛偽的生活，不願嫁給卡爾，打算投海自盡，被傑克救起。很快，美麗活潑的羅絲與英俊開朗的傑克相愛，傑克帶羅絲參加下等艙的舞會、為她畫像，二人的感情逐漸升溫。1912年4月14日，星期天晚上，一個風平浪靜的夜晚。泰坦尼克號撞上了冰山，“永不沉沒的”泰坦尼克號面臨沉船的命運，羅絲和傑克剛萌芽的愛情也將經歷生死的考驗。
4,這個殺手不太冷,https://movie.douban.com/subject/1295644/,里昂（讓·雷諾飾）是名孤獨的職業殺手，受人雇傭。一天，鄰居家小姑娘馬蒂爾達（納塔麗·波特曼飾)敲開他的房門，要求在他那裡暫避殺身之禍。原來鄰居家的主人是警方緝毒組的眼線，只因貪污了一小包毒品而遭惡警（加里·奧德曼飾）殺害全家的懲罰。馬蒂爾達得到里昂的留救，倖免於難，並留在里昂那裡。里昂教小女孩使槍，她教里昂法文，兩人關係日趨親密，相處融洽。女孩想著去報仇，反倒被抓，里昂及時趕到，將女孩救回。混雜著哀怨情仇的正邪之戰漸次升級，更大的衝突在所難免……
5,美麗人生,https://movie.douban.com/subject/1292063/,猶太青年圭多（羅伯托·貝尼尼）邂逅美麗的女教師朵拉（尼可萊塔·布拉斯基），他彬彬有禮的向朵拉鞠躬：“早安！公主！”。歷經諸多令人啼笑皆非的周折後，天遂人願，兩人幸福美滿的生活在一起。然而好景不長，法西斯政權下，圭多和兒子被強行送往猶太人集中營。朵拉雖沒有猶太血統，毅然同行，與丈夫兒子分開關押在一個集中營裡。聰明樂天的圭多哄騙兒子這只是一場遊戲，獎品就是一輛大坦克，兒子快樂、天真的生活在納粹的陰霾之中。儘管集中營的生活艱苦寂寞，圭多仍然帶給他人很多快樂，他還趁機在納粹的廣播裡問候妻子：“早安！公主！”法西斯政權即將傾覆，納粹的集中營很快就要接受最後的清理，圭多編給兒子的遊戲該怎麼結束？他們一家能否平安的度過這黑暗的年代呢？
6,千與千尋,https://movie.douban.com/subject/1291561/,千尋和爸爸媽媽一同驅車前往新家，在郊外的小路上不慎進入了神秘的隧道——他們去到了另外一個詭異世界—一個中世紀的小鎮。遠處飄來食物的香味，爸爸媽媽大快朵頤，孰料之後變成了豬！這時小鎮上漸漸來了許多樣子古怪、半透明的人。千尋倉皇逃出，一個叫小白的人救了他，喂了她阻止身體消失的藥，並且告訴她怎樣去找鍋爐爺爺以及湯婆婆，而且必須獲得一份工作才能不被魔法變成別的東西。千尋在小白的幫助下幸運地獲得了一份在浴池打雜的工作。漸漸她不再被那些怪模怪樣的人嚇倒，並從小玲那兒知道了小白是兇惡的湯婆婆的弟子。一次，千尋發現小白被一群白色飛舞的紙人打傷，為了救受傷的小白，她用河神送給她的藥丸驅出了小白身體內的封印以及守封印的小妖精，但小白還是沒有醒過來。為了救小白，千尋又踏上了她的冒險之旅。
7,辛德勒的名單,https://movie.douban.com/subject/1295124/,1939年，波蘭在納粹德國的統治下，党衛軍對猶太人進行了隔離統治。德國商人奧斯卡·辛德勒（連姆·尼森LiamNeeson飾）來到德軍統治下的克拉科夫，開設了一間搪瓷廠，生產軍需用品。憑著出眾的社交能力和大量的金錢，辛德勒和德軍建立了良好的關係，他的工廠雇用猶太人工作，大發戰爭財。1943年，克拉科夫的猶太人遭到了慘絕人寰的大屠殺，辛德勒目睹這一切，受到了極大的震撼，他賄賂軍官，讓自己的工廠成為集中營的附屬勞役營，在那些瘋狂屠殺的日子裡，他的工廠也成為了猶太人的避難所。1944年，德國戰敗前夕，屠殺猶太人的行動越發瘋狂，辛德勒向德軍軍官開出了1200人的名單，傾家蕩產買下了這些猶太人的生命。在那些暗無天日的歲月裡，拯救一個人，就是拯救全世界。
8,盜夢空間,https://movie.douban.com/subject/3541415/,道姆·柯布（萊昂納多·迪卡普里奧LeonardoDiCaprio飾）與同事亞瑟（約瑟夫·戈登-萊維特JosephGordon-Levitt飾）和納什（盧卡斯·哈斯LukasHaas飾）在一次針對日本能源大亨齊藤（渡邊謙飾）的盜夢行動中失敗，反被齊藤利用。齊藤威逼利誘因遭通緝而流亡海外的柯布幫他拆分他競爭對手的公司，採取極端措施在其唯一繼承人羅伯特·費希爾（希裡安·墨菲CillianMurphy飾）的深層潛意識中種下放棄家族公司、自立門戶的想法。為了重返美國，柯布偷偷求助於岳父邁爾斯（邁克爾·凱恩MichaelCaine飾），吸收了年輕的夢境設計師艾裡阿德妮（艾倫·佩吉EllenPage飾）、夢境演員艾姆斯（湯姆·哈迪TomHardy飾）和藥劑師約瑟夫（迪利普·勞DileepRao飾）加入行動。在一層層...
9,忠犬八公的故事,https://movie.douban.com/subject/3011091/,八公（Forest飾）是一條謎一樣的犬，因為沒有人知道它從哪裡來。教授派克（理查·基爾RichardGere飾）在小鎮的火車站揀到一隻走失的小狗，冥冥中似乎註定小狗和派克教授有著某種緣分，派克一抱起這只小狗就再也放不下來，最終，派克對小狗八公的疼愛感化了起初極力反對養狗的妻子卡特（瓊·艾倫JoanAllen飾）。八公在派克的呵護下慢慢長大，派克上班時八公會一直把他送到車站，下班時八公也會早早便爬在車站等候，八公的忠誠讓小鎮的人家對它更加疼愛。有一天，八公在派克要上班時表現異常，居然玩起了以往從來不會的撿球遊戲，八公的表現讓派克非常滿意，可是就是在那天，派克因病去世。派克的妻子、女兒安迪（薩拉·羅默爾SarahRoemer飾）及女婿邁克爾（羅比·薩布萊特RobbieSublett飾）懷著無比沉痛的心情埋葬了派克，可是不明就裡的...
10,星際穿越,https://movie.douban.com/subject/1889243/,近未來的地球黃沙遍野，小麥、秋葵等基礎農作物相繼因枯萎病滅絕，人類不再像從前那樣仰望星空，放縱想像力和靈感的迸發，而是每日在沙塵暴的肆虐下倒數著所剩不多的光景。在家務農的前NASA宇航員庫珀（馬修·麥康納MatthewMcConaughey飾）接連在女兒墨菲（麥肯吉·弗依MackenzieFoy飾）的書房發現奇怪的重力場現象，隨即得知在某個未知區域內前NASA成員仍秘密進行一個拯救人類的計畫。多年以前土星附近出現神秘蟲洞，NASA借機將數名宇航員派遣到遙遠的星系尋找適合居住的星球。在布蘭德教授（邁克爾·凱恩MichaelCaine飾）的勸說下，庫珀忍痛告別了女兒，和其他三名專家教授女兒艾米莉亞·布蘭德（安妮·海瑟薇AnneHathaway飾）、羅米利（大衛·吉雅西DavidGyasi飾）、多伊爾（韋斯·本特利WesB...
11,楚門的世界,https://movie.douban.com/subject/1292064/,楚門（金•凱瑞JimCarrey飾）是一個平凡得不能再平凡的人，除了一些有些稀奇的經歷之外——初戀女友突然失蹤、溺水身亡的父親忽然似乎又出現在眼前，他和絕大多數30多歲的美國男人絕無異樣。這令他倍感失落。他也曾試過離開自己生活了多年的地方，但總因種種理由而不能成行。直到有一天，他忽然發覺自己似乎一直在被人跟蹤，無論他走到哪裡，幹什麼事情。這種感覺愈來愈強烈。楚門決定不惜一切代價逃離這個他生活了30多年的地方，去尋找他的初戀女友。但他卻發現自己怎樣也逃不出去。真相其實很殘忍。
12,海上鋼琴師,https://movie.douban.com/subject/1292001/,本片講述了一個鋼琴天才傳奇的一生。1900年，Virginian號豪華郵輪上，一個孤兒被遺棄在頭等艙，由船上的水手撫養長大，取名1900（蒂姆•羅斯飾）。1900慢慢長大，顯示出了無師自通的非凡鋼琴天賦，在船上的樂隊表演鋼琴，每個聽過他演奏的人，都被深深打動。爵士樂鼻祖傑尼聽說了1900的高超技藝，專門上船和他比賽，最後自歎弗如，黯然離去。可惜，這一切的事情都發生在海上，1900從來不願踏上陸地，直到有一天，他愛上了一個女孩，情愫在琴鍵上流淌。他會不會為了愛情，踏上陸地開始新的生活，用他的琴聲驚豔世界？他將怎樣譜寫自己非凡的人生。
13,三傻大鬧寶萊塢,https://movie.douban.com/subject/3793023/,本片根據印度暢銷書作家奇坦·巴哈特（ChetanBhagat）的處女作小說《五點人》（FivePointSomeone）改編而成。法蘭（馬德哈萬RMadhavan飾）、拉杜（沙曼·喬希SharmanJoshi飾）與蘭喬（阿米爾·汗AamirKhan飾）是皇家工程學院的學生，三人共居一室，結為好友。在以嚴格著稱的學院裡，蘭喬是個非常與眾不同的學生，他不死記硬背，甚至還公然頂撞校長“病毒”（波曼·伊拉尼BomanIrani飾），質疑他的教學方法。他不僅鼓動法蘭與拉杜去勇敢追尋理想，還勸說校長的二女兒碧雅（卡琳娜·卡普KareenaKapoor飾）離開滿眼銅臭的未婚夫。蘭喬的特立獨行引起了模範學生“消音器”（奧米·維嘉OmiVaidya飾）的不滿，他約定十年後再與蘭喬一決高下，看哪種生活方式更能取得成功。本片獲孟...
14,機器人總動員,https://movie.douban.com/subject/2131459/,西元2805年，人類文明高度發展，卻因污染和生活垃圾大量增加使得地球不再適於人類居住。地球人被迫乘坐飛船離開故鄉，進行一次漫長無邊的宇宙之旅。臨行前他們委託Buynlarge的公司對地球垃圾進行清理，該公司開發了名為WALL·E（WasteAllocationLoadLifters–Earth地球廢品分裝員）的機器人擔當此重任。這些機器人按照程式日復一日、年復一年辛勤工作，但隨著時間的流逝和惡劣環境的侵蝕，WALL·E們接連損壞、停止運動。最後只有一個仍在進行這項似乎永無止境的工作。經歷了漫長的歲月，它開始擁有了自己的意識。它喜歡將收集來的寶貝小心翼翼藏起，喜歡收工後看看幾百年前的歌舞片，此外還有一隻蟑螂朋友作伴。直到有一天，一艘來自宇宙的飛船打破了它一成不變的生活……本片榮獲2009年第81屆奧斯卡最佳動畫長片獎。
15,放牛班的春天,https://movie.douban.com/subject/1291549/,1949年的法國鄉村，音樂家克萊門特（熱拉爾·朱尼奧飾）到了一間外號叫“塘低”的男子寄宿學校當助理教師。學校裡的學生大部分都是難纏的問題兒童，體罰在這裡司空見慣，學校的校長（弗朗索瓦·貝萊昂飾）只顧自己的前途，殘暴高壓。性格沉靜的克萊門特嘗試用自己的方法改善這種狀況，他重新創作音樂作品，組織合唱團，決定用音樂的方法來打開學生們封閉的心靈。然而，事情並不順利，克萊門特發現學生皮埃爾·莫安琦（讓-巴蒂斯特·莫尼耶飾）擁有非同一般的音樂天賦，但是單親家庭長大的他，性格異常敏感孤僻，怎樣釋放皮埃爾的音樂才能，讓克萊門特頭痛不已；同時，他與皮埃爾母親的感情也漸漸微妙起來。
16,無間道,https://movie.douban.com/subject/1307914/,1991年，香港黑幫三合會會員劉健明（劉德華）聽從老大韓琛（曾志偉）的吩咐，加入員警部隊成為黑幫臥底，韓琛許諾劉健明會幫其在七年後晉升為見習督察。1992年，員警訓練學校優秀學員陳永仁（梁朝偉）被上級要求深入到三合會做臥底，終極目標是成為韓琛身邊的紅人。2002年，兩人都不負重望，也都身背重壓，劉健明漸想成為一個真正的好人，陳永仁則盼著儘快回歸員警身份。重案組從陳永仁手中獲悉一批毒品交易情報，鎖緊目標人物韓琛，沒料情報被劉健明泄出，雙方行動均告失敗。但此事將雙方均有臥底的事實暴露，引發雙方高層清除內鬼的決心。命運迥異又相似的劉健明和陳永仁開始在無間道的旅程中接受嚴峻考驗。
17,瘋狂動物城,https://movie.douban.com/subject/25662329/,故事發生在一個所有哺乳類動物和諧共存的美好世界中，兔子裘蒂（金妮弗·古德溫GinniferGoodwin配音）從小就夢想著能夠成為一名懲惡揚善的刑警，憑藉著智慧和努力，裘蒂成功的從警校中畢業進入了瘋狂動物城警察局，殊不知這裡是大型肉食類動物的領地，作為第一隻，也是唯一的小型食草類動物，裘蒂會遇到怎樣的故事呢？近日裡，城中接連發生動物失蹤案件，就在全部警員都致力於調查案件真相之時，裘蒂卻被局長（伊德瑞斯·艾爾巴IdrisElba配音）發配成為了一名無足輕重的交警。某日，正在執勤的兔子遇見了名為尼克（傑森·貝特曼JasonBateman配音）的狐狸，兩人不打不相識，之後又誤打誤撞的接受了尋找失蹤的水獺先生的任務，如果不能在兩天之內找到水獺先生，裘蒂就必須自願離開警局。裘蒂找到了尼克，兩人聯手揭露了一個隱藏在瘋狂動物城之中的驚天秘密。
18,大話西遊之大聖娶親,https://movie.douban.com/subject/1292213/,至尊寶（周星馳飾）被月光寶盒帶回到五百年前，遇見紫霞仙子（朱茵飾），被對方打上烙印成為對方的人，並發覺自己已變成孫悟空。紫霞與青霞（朱茵飾）本是如來佛祖座前日月神燈的燈芯（白天是紫霞，晚上是青霞），二人雖然同一肉身卻仇恨頗深，因此紫霞立下誓言，誰能拔出她手中的紫青寶劍，誰就是她的意中人。紫青寶劍被至尊寶於不經意間拔出，紫霞決定以身相許，卻遭一心記掛白晶晶（莫文蔚飾）的至尊寶拒絕。後牛魔王救下迷失在沙漠中的紫霞，並逼紫霞與他成婚，關鍵時刻，至尊寶現身。
19,熔爐,https://movie.douban.com/subject/5912992/,來自首爾的啞語美術老師仁浩（孔宥飾）來到霧津，應聘慈愛聾啞人學校。天降大霧，他意外撞車，維修時邂逅了人權組織成員柔珍（鄭有美飾）。仁浩妻子早亡，8歲女兒天生哮喘由祖母照看，所以他不辭辛苦謀職養家。然而，雙胞胎的校長與教導主任竟逼仁浩索賄5千萬韓元。同時，仁浩逐漸發現學校籠罩著一種緊張壓抑的氣氛，令人窒息。有三個孩子引人關注：聰穎的金妍鬥（金賢秀飾）、貪吃的陳宥利（鄭仁絮飾）和弟弟自殺身亡的全民秀（白承煥飾），民秀總是滿臉淤青。下課後，仁浩還聽到女廁所中有呼喊與哭泣，在門衛的阻攔下他未深究。之後。他意外目睹了校長行賄員警，教導員毒打民秀，宿導溺罰妍鬥的行徑。一個驚天的隱秘被慢慢揭開，真相令韓國震驚……本片取材於2005年光州一所聾啞障礙人學校的真實事件，改編自韓國作家孔枝泳的同名小說。
20,教父,https://movie.douban.com/subject/1291841/,40年代的美國，“教父”維托·柯里昂（馬龍·白蘭度飾）是黑手黨柯里昂家族的首領，帶領家族從事非法的勾當，但同時他也是許多弱小平民的保護神，深得人們愛戴。因為拒絕了毒梟索洛索的毒品交易要求，柯里昂家族和紐約其他幾個黑手黨家族的矛盾激化。聖誕前夕，索洛索劫持了“教父”的參謀湯姆，並派人暗殺“教父”；因為內奸的出賣，“教父”的大兒子遜尼被仇家殺害；小兒子麥克（阿爾·帕西諾飾）也被卷了進來，失去愛妻。黑手黨家族之間的矛盾越來越白熱化。年老的“教父”面對喪子之痛怎樣統領全域？黑手黨之間的仇殺如何落幕？誰是家族的內奸？誰又能夠成為新一代的“教父”？血雨腥風和溫情脈脈，在這部里程碑式的黑幫史詩巨片裡真實上演。
21,當幸福來敲門,https://movie.douban.com/subject/1849031/,克裡斯•迦納（威爾·史密斯WillSmith飾）用盡全部積蓄買下了高科技治療儀，到處向醫院推銷，可是價格高昂，接受的人不多。就算他多努力都無法提供一個良好的生活環境給妻兒，妻子（桑迪·牛頓ThandieNewton飾）最終選擇離開家。從此他帶著兒子克裡斯托夫（賈登·史密斯JadenSmith飾）相依為命。克裡斯好不容易爭取回來一個股票投資公司實習的機會，就算沒有報酬，成功機會只有百分之五，他仍努力奮鬥，兒子是他的力量。他看盡白眼，與兒子躲在地鐵站裡的公共廁所裡，住在教堂的收容所裡……他堅信，幸福明天就會來臨。
22,控方證人,https://movie.douban.com/subject/1296141/,倫敦著名刑案辯護律師韋菲爵士（查理斯•勞頓CharlesLaughton飾）接受了心臟病治療，但是身體依舊虛弱，第一天回家休養，護士一直嚴厲監督他服藥，並杜絕煙酒。管家為了便於上樓，還專門為他修了電梯。但是，種種關心照顧，對於這位桀驁不馴、牙尖嘴利的大律師根本不起作用，反倒是一紙訴狀令他倍感興奮。律師梅休和當事人沃爾（泰隆•鮑華TyronePower飾）登門拜訪，請他出山打官司。原來，沃爾結識了富婆，兩人相見甚歡，雖然僕人對他發明的打蛋器充滿鄙夷，但是富婆卻對他充滿愛意，甚至為他修改了遺囑，把8萬英鎊留給了他。然而，富婆卻慘遭毒手。於是，沃爾成為警方的頭號嫌疑犯。他的唯一證人是妻子克裡斯汀（瑪琳•黛德麗MarleneDietrich飾），然而後者登門時的冷漠與淡定，令韋菲爵士懷疑這其中另有隱情。在撲朔迷離的案件背後，隱藏著一個個環環相扣...
23,龍貓,https://movie.douban.com/subject/1291560/,小月的母親生病住院了，父親帶著她與四歲的妹妹小梅到鄉間的居住。她們對那裡的環境都感到十分新奇，也發現了很多有趣的事情。她們遇到了很多小精靈，她們來到屬於她們的環境中，看到了她們世界中很多的奇怪事物，更與一隻大大胖胖的龍貓成為了朋友。龍貓與小精靈們利用他們的神奇力量，為小月與妹妹帶來了很多神奇的景觀，令她們大開眼界。妹妹小梅常常掛念生病中的母親，嚷著要姐姐帶著她去看母親，但小月拒絕了。小梅竟然自己前往，不料途中迷路了，小月只好尋找她的龍貓及小精靈朋友們幫助。
24,怦然心動,https://movie.douban.com/subject/3319755/,布萊斯（卡蘭•麥克奧利菲CallanMcAuliffe飾）全家搬到小鎮，鄰家女孩朱麗（瑪德琳•卡羅爾MadelineCarroll飾）前來幫忙。她對他一見鍾情，心願是獲得他的吻。兩人是同班同學，她一直想方設法接近他，但是他避之不及。她喜歡爬在高高的梧桐樹上看風景。但因為施工，樹被要被砍掉，她誓死捍衛，希望他並肩作戰，但是他退縮了。她的事蹟上了報紙，外公對她頗有好感，令他十分困惑。她憑藉雞下蛋的專案獲得了科技展第一名，成了全場焦點，令他黯然失色。她把自家雞蛋送給他，他聽家人懷疑她家雞蛋不衛生，便偷偷把雞蛋丟掉。她得知真相，很傷心，兩人關係跌入冰點。她跟家人訴說，引發爭吵。原來父親一直攢錢照顧傻弟弟，所以生活拮据。她理解了父母，自己動手，還得到了他外公的鼎力相助。他向她道歉，但是並未解決問題。他開始關注她。雞蛋風波未平，家庭晚宴與午餐男孩評選...
25,觸不可及,https://movie.douban.com/subject/6786002/,因為一次跳傘事故，白人富翁菲力浦Philippe（弗朗索瓦·克魯塞FrançoisCluzet飾）癱瘓在床，欲招聘一名全職陪護。由於薪酬高，應聘者雲集，個個舌燦蓮花，卻無法打動他的心。直到黑人德希斯Driss（奧瑪·賽OmarSy飾）的出現才讓他作出決定。德希斯剛從監獄出來，背負家庭重擔，一心只想尋張辭退信以申領救濟金，而且他明顯對女助理的興趣要遠大於這份工作。但是菲力浦還是一眼相中了這個小夥子。於是，德希斯開始了一個月的試用期。雖然舒適的豪宅環境讓他倍感虛榮，但是他仍面臨很多挑戰：不僅要為菲力浦作身體複健，還得給他洗浴、灌腸、拆信、穿絲襪等。起初，兩人的思維方式與價值觀大相徑庭，但是，隨著瞭解的不斷深入，他們成為了朋友……本片取材於真實事件，獲2011年東京電影節最佳影片金麒麟獎，弗朗索瓦·克魯塞與奧瑪·賽分享影帝桂冠。
26,末代皇帝,https://movie.douban.com/subject/1293172/,溥儀（尊龍飾）的一生在電影中娓娓道來。他從三歲起登基，年幼的眼光中只有大臣身上的一隻蟈蟈，江山在他心中只是一個不明所以的名詞。長大了，他以為可以變革，卻被太監一把火燒了朝廷帳本。他以為自己是大清江山的主人，卻做了日本人的傀儡。解放後，他坐上了從蘇聯回來的火車，身邊是押送監視他的解放軍。他猜測自己難逃一死，便躲在狹小的衛生間裡，割脈自殺。然而他沒有死在火車上，命運的嘲笑還在等著他。文革的風風雨雨，在他身上留下了斑斑傷痕。
27,蝙蝠俠：黑暗騎士,https://movie.douban.com/subject/1851857/,從親眼目睹父母被人殺死的陰影中走出來的“蝙蝠俠”，經歷了成長之後，已經不再是那個桀驁不的孤單英雄了。在警官吉姆·戈登和檢查官哈威·登特的通力幫助下，“蝙蝠俠”無後顧之憂地繼續滿世界的奔波，與日益增長起來的犯罪威脅做著永無休止的爭鬥，而他所在的高譚市，也是進展最為明顯的地方，犯罪率以一種驚人的速度持續下降著，畢竟對方是能夠上天入地的“蝙蝠俠”，不借兩個膽子誰還敢造次呢？不過像高譚這種科技與污穢並存的城市，平靜是不可能維持太久的，果不其然，新一輪的混亂很快就席捲了整個城市，人們再一被被恐慌所籠罩著，而聲稱願意為這一切負責的，自然就是所有混亂的源頭以及支配者--“小丑”了。先不管“小丑”掀起一個又一個犯罪的狂潮的最終目的為何，他的企圖都是邪惡的，所作所為更是早就危害到了高譚市民的正常生活……其中自然包括了“蝙蝠俠”身邊幾個非常重要的人，而他需要做的，就是...
28,尋夢環遊記,https://movie.douban.com/subject/20495023/,熱愛音樂的米格爾（安東尼·岡薩雷茲AnthonyGonzalez配音）不幸地出生在一個視音樂為洪水猛獸的大家庭之中，一家人只盼著米格爾快快長大，好繼承家裡傳承了數代的制鞋產業。一年一度的亡靈節即將來臨，每逢這一天，去世的親人們的魂魄便可憑藉著擺在祭壇上的照片返回現世和生者團圓。在一場意外中，米格爾竟然穿越到了亡靈國度之中，在太陽升起之前，他必須得到一位親人的祝福，否則就將會永遠地留在這個世界裡。米格爾決定去尋找已故的歌神德拉庫斯（本傑明·布拉特BenjaminBratt配音），因為他很有可能就是自己的祖父。途中，米格爾邂逅了落魄樂手埃克托（蓋爾·加西亞·貝納爾GaelGarcíaBernal配音），也漸漸發現了德拉庫斯隱藏已久的秘密。
29,活著,https://movie.douban.com/subject/1292365/,根據余華同名小說改編。富少福貴（葛優）嗜賭成性，妻子家珍（鞏俐）屢勸無果後帶著女兒鳳霞離開了他，當夜，福貴輸光所有家產氣死父親，被迫靠變賣母親首飾租間破屋過活。一年後，家珍手拉鳳霞懷抱剛出世的兒子有慶回到家中，福貴痛改前非，開始靠演皮影戲過起安份守己的日子。但好景不常，內戰時期，福貴被國民黨抓去當勞工，一番輾轉終回到家鄉與一家人團圓後，鳳霞因病變成啞巴，而在後來的大躍進運動和文化大革命中，他雖獲某些小福，逆境卻也一直與他如影相隨。
30,哈利·波特與魔法石,https://movie.douban.com/subject/1295038/,哈利波特是一個孤兒，從小寄養在姨媽家，受盡欺淩。但就在哈利11歲生日的時候，他意外收到了霍格華茲學院的入學通知書。哈利從該學院派來接他的巨人海格口中得知，這是一間魔法學院，並得知了自己的身世，原來哈利的父母都是偉大的魔法師，在對付伏地魔的戰鬥中雙雙獻身，唯有哈利倖免於難。哈利進入霍格華茲後，表現出了超乎想像的飛行天賦，得到麥格教授的推薦進入了格蘭芬多的魁地奇球隊。另一方面，哈利發現霍格華茲學院內有一股黑暗勢力似乎在暗暗滋長，揭開謎團的關鍵就在有兇惡的三頭犬守護的房間內。哈利、羅恩和赫敏三個好朋友決定探個究竟。
31,指環王3：王者無敵,https://movie.douban.com/subject/1291552/,魔幻戰爭逐漸進入高潮階段。霍比特人佛羅多（伊利亞·伍德ElijahWood飾）攜帶著魔戒，與夥伴山姆（西恩·奧斯丁SeanAstin飾）以及狡猾陰暗的咕嚕等前往末日山，一路上艱難險阻不斷，魔君索倫為阻止魔戒被銷毀用盡全力阻撓。另一方面，白袍巫師甘道夫（伊恩·麥克萊恩IanMcKellen飾）率中土勇士們鎮守剛鐸首都——白城米那斯提裡斯。魔獸大軍壓境，黑暗與光明的決戰即將來臨……本片是“指環王三部曲”的終結篇，根據英國作家J.R.R.托爾金（J.R.R.Tolkien）同名魔幻巨著《指環王》（TheLordoftheRings）改編，並榮獲2004年第76屆奧斯卡最佳影片、最佳導演、最佳改編劇本、最佳剪輯、最佳藝術指導、最佳服裝設計、最佳化妝、最佳視覺效果、最佳音效、最佳配樂和最佳歌曲等11項大獎。
32,亂世佳人,https://movie.douban.com/subject/1300267/,美國南北戰爭前夕，南方農場塔拉莊園的千金斯嘉麗（費雯·麗VivienLeigh飾）愛上了另一個農場主的兒子艾希禮（萊斯利·霍華德LeslieHoward飾），遭到了拒絕，為了報復，她嫁給了自己不愛的男人，艾希禮妻子梅蘭妮（奧利維婭·德哈威蘭OliviadeHavilland飾）的弟弟查理斯。戰爭期間，斯嘉麗成為寡婦，失去母親，挑起生活的重擔，不再是當初的千金小姐；戰爭結束後，她又兩度為人妻，嫁給了愛她多年的投機商人瑞德（克拉克·蓋博ClarkGable飾）。然而，縱使經歷了生活的艱苦，斯嘉麗對艾希禮的感情仍然沒有改變。艾希禮妻子梅蘭妮的去世，給了斯嘉麗一個機會，一邊是深愛自己的丈夫瑞德，一邊是心心念念多年的艾希禮？斯嘉麗會給自己怎樣一個不一樣的明天？
33,素媛,https://movie.douban.com/subject/21937452/,她（李來飾）是一個美麗平凡的小女孩，和爸爸媽媽生活在位於街角的家中。家裡經營著以她的名字素媛命名的雜貨店，母親（嚴智媛飾）作為老闆娘日夜忙碌不得閒暇，父親則在工廠幹著繁重的工作。在那個飄雨的早上，素媛打著雨傘獨自上學。在離學校近在咫尺的地方，她遭遇一個相貌猥瑣、酒氣沖天的大叔，由此開啟了她的悲劇之旅。柔嫩的小花遭到暴風雨無情摧殘，受傷的豈止枝枝葉葉，更是那迎著陽光無憂成長的心。無良媒體鋪天蓋地大肆渲染，作為受害者的素媛一家仿佛成了周身污穢的恥辱之人，被四周詫異好奇的目光所包圍。媽媽悲痛欲絕，幾近崩潰。爸爸全力保護女兒，但受傷的小天使卻拒絕爸爸的靠近。問凶之路伴隨著天使的治癒旅程，美麗的女孩可會再露燦爛笑容？
34,飛屋環遊記,https://movie.douban.com/subject/2129039/,小男孩卡爾（CarlFredricksen）懷揣著對於冒險的熱愛偶遇假小子艾麗（Ellie），而艾麗把整個屋子當成一艘大飛船遊戲居然使他對這個女孩子有些著迷，相同的愛好最終使兩個人成為了一生的愛侶。他們有一個夢想，那就是有朝一日要去南美洲的“仙境瀑布”探險，但直到艾麗去世，這個夢想也未能實現。終於有一天，曾經專賣氣球的老人卡爾居然用五顏六色的氣球拽著他的房子飛上了天空，他決定要去實現他們未曾實現的夢想。令卡爾始料不及的是，門廊居然搭上了一個自稱是“荒野開拓者”的小男孩小羅（Russell），小羅的喋喋不休讓卡爾對這個小胖墩格外討厭。一老一少在飛行中經過了千難萬險終於看到了傳說中的“仙境瀑布”，在相處過程中卡爾發現小羅其實是個惹人憐愛的孩子。在步行穿越一座森林時，他們遇到了不會飛的大鳥凱文（Kevin）和一隻會說話的狗狗逗逗（Dug），讓老人驚訝...
35,摔跤吧！爸爸,https://movie.douban.com/subject/26387939/,馬哈威亞（阿米爾·汗AamirKhan飾）曾經是一名前途無量的摔跤運動員，在放棄了職業生涯後，他最大的遺憾就是沒有能夠替國家贏得金牌。馬哈威亞將這份希望寄託在了尚未出生的兒子身上，哪知道妻子接連給他生了兩個女兒，取名吉塔（法緹瑪·沙那·紗卡FatimaSanaShaikh飾）和巴比塔（桑亞·瑪荷塔SanyaMalhotra飾）。讓馬哈威亞沒有想到的是，兩個姑娘展現出了傑出的摔跤天賦，讓他幡然醒悟，就算是女孩，也能夠昂首挺胸的站在比賽場上，為了國家和她們自己贏得榮譽。就這樣，在馬哈威亞的指導下，吉塔和巴比塔開始了艱苦的訓練，兩人進步神速，很快就因為在比賽中連連獲勝而成為了當地的名人。為了獲得更多的機會，吉塔進入了國家體育學院學習，在那裡，她將面對更大的誘惑和更多的選擇。
36,何以為家,https://movie.douban.com/subject/30170448/,法庭上，十二歲的男孩贊恩向法官狀告他的親生父母，原因是，他們給了他生命。是什麼樣的經歷讓一個孩子做出如此不可思議的舉動？故事中，贊恩的父母在無力撫養和教育的狀況下依然不停生育，作為家中的長子贊恩，弱小的肩膀承擔了無數生活的重壓。當妹妹被強行賣給商販為妻時，贊恩憤怒離家，之後遇到一對沒有合法身份的母子，相互扶持勉強生活。然而生活並沒有眷顧贊恩，重重磨難迫使他做出了令人震驚的舉動……
37,我不是藥神,https://movie.douban.com/subject/26752088/,普通中年男子程勇（徐崢飾）經營著一家保健品店，失意又失婚。不速之客呂受益（王傳君飾）的到來，讓他開闢了一條去印度買藥做“代購”的新事業，雖然困難重重，但他在這條“買藥之路”上發現了商機，一發不可收拾地做起了治療慢粒白血病的印度仿製藥獨家代理商。賺錢的同時，他也認識了幾個病患及家屬，為救女兒被迫做舞女的思慧（譚卓飾）、說一口流利“神父腔”英語的劉牧師（楊新鳴飾），以及脾氣暴烈的“黃毛”（章宇飾），幾個人合夥做起了生意，利潤倍增的同時也危機四伏。程勇昔日的小舅子曹警官（週一圍飾）奉命調查仿製藥的源頭，假藥販子張長林（王硯輝飾）和瑞士正牌醫藥代表（李乃文飾）也對其虎視眈眈，生意逐漸變成了一場關於救贖的拉鋸戰。本片改編自慢粒白血病患者陸勇代購抗癌藥的真實事蹟。
38,十二怒漢,https://movie.douban.com/subject/1293182/,一個在貧民窟長大的18歲少年因為涉嫌殺害自己的父親被告上法庭，證人言之鑿鑿，各方面的證據都對他極為不利。十二個不同職業的人組成了這個案件的陪審團，他們要在休息室達成一致的意見，裁定少年是否有罪，如果罪名成立，少年將會被判處死刑。十二個陪審團成員各有不同，除了8號陪審員（HenryFonda飾）之外，其他人對這個犯罪事實如此清晰的案子不屑一顧，還沒有開始討論就認定了少年有罪。8號陪審員提出了自己的“合理疑點”，耐心地說服其他的陪審員，在這個過程中，他們每個人不同的人生觀也在衝突和較量……
39,哈爾的移動城堡,https://movie.douban.com/subject/1308807/,繼母因無力負擔生活，將蘇菲和她的兩個妹妹都送到了制帽店去當學徒。兩個妹妹很快先後就離開了制帽店去追尋各自的夢想，只有蘇菲堅持了下來。一天，小鎮旁邊來了一座移動堡壘，傳說堡壘的主人哈爾專吸取年青姑娘的靈魂，所以小鎮的姑娘都不敢靠近。一個惡毒的巫婆為了報復蘇菲與哈爾見面，用巫術把她變成了一個80歲的老太婆，而且蘇菲還不能對別人說出自己身中的巫術。無奈，蘇菲決定獨自一人逃離小鎮。天黑了，虛弱的蘇菲沒走多遠，來到了移動城堡。心想自己已經是老太婆了，蘇菲壯著膽子走進了城堡。不想，遇到了和她遭遇相同的火焰魔。兩人約定彼此幫助對方打破各自的咒語……
40,少年派的奇幻漂流,https://movie.douban.com/subject/1929463/,故事開始于蒙特婁，也結束于蒙特婁。一名在找尋靈感的作家（拉菲·斯波RafeSpall飾）無意間得知派·帕帖爾（伊爾凡·可汗IrrfanKhan飾）的傳奇故事。派的父親（阿迪勒·侯賽因AdilHussain飾）開了一家動物園。因這樣特殊的生活環境，少年派（蘇拉·沙瑪SurajSharma飾）對信仰與人的本性自有一套看法。在派17歲那一年，他的父母決定舉家移民加拿大以追求更好的生活，而他也必須離開他的初戀情人。在前往加拿大的船上，他們遇見一位殘忍成性的法國廚師（傑拉爾·德帕迪約GérardDepardieu飾）。當天深夜在茫茫大海中，原本令派感到刺激無比的暴風雨一瞬間就成了吞噬貨船的大災難。派卻奇跡般地活了下來，搭著救生船在太平洋上漂流，而且有一名最令人意想不到的同伴——理查·派克，一隻孟加拉老虎。神奇的冒險旅程就這樣意...
41,鬼子來了,https://movie.douban.com/subject/1291858/,第二次世界大戰期間，中國河北掛甲台村的農民馬大三（薑文飾）在日本人的統治下過著平靜的生活。一個晚上，遊擊隊綁架了日軍陸軍士兵花屋小三郎（香川照之飾）和翻譯董漢臣，把他們捆綁塞入麻袋放在馬大三家裡，並吩咐馬好好看管，幾天後的大年三十來帶人。馬大三和村民戰戰兢兢地看守兩人，花屋小三郎和董漢臣數次發出求救信號，皆被村民化解。半年過去了，村民們擔心事情暴露，卻又不敢把花屋等放了。馬大三最終被董漢臣說動，把花屋和董送到了日軍憲兵隊駐地，以換取糧食。日軍憲兵軍官酒塚豬吉是花屋的同鄉。他表面上對馬等人客氣，但背後指責花屋讓皇軍蒙恥並毆打了他。憲兵隊整隊去馬的村子裡和村民聯歡送糧，酒到酣時卻乍露殺機。
42,大話西游之月光寶盒,https://movie.douban.com/subject/1299398/,孫悟空（周星馳）護送唐三藏（羅家英）去西天取經路上，與牛魔王合謀欲殺害唐三藏，並偷走了月光寶盒，此舉使觀音萌生將其剷除心思，經唐三藏請求，孫悟空被判五百年後重新投胎做人贖其罪孽。五百年後孫悟空化身強盜頭頭至尊寶。當遇見預謀吃唐僧肉的妖怪姐妹蜘蛛精春三十娘（藍潔瑛）和白骨精白晶晶（莫文蔚）時，因為五百年前孫悟空曾與白晶晶有過一段戀情，至尊寶與她一見鍾情，但因菩提老祖將二人妖怪身份相告，至尊寶仍帶領眾強盜開始與二妖展開周旋，過程中，白晶晶為救至尊寶打傷春三十娘，自己也中毒受傷，為了救白晶晶，至尊寶去找春三十娘，遭白晶晶誤會，絕望自殺，至尊寶開始用月光寶盒以期使時光倒流。
43,天空之城,https://movie.douban.com/subject/1291583/,古老帝國拉比達是一座漂浮在空中的巨大的機器島，傳說那裡已經無人居住，蘊藏著巨大的財富。因此，無論軍方還是海盜，都在找尋著這座傳說中的飛行島。礦工派克這天偶遇拉比達繼承人希達，兩人一見如故。因為希達身上有找尋拉比達帝國的重要物件飛行石，軍方和海盜兩幫人馬都在追殺希達。派克帶著希達一起逃亡，最終都沒有逃出軍方的手中，希達被軍隊擄走了。為救朋友，派克只能選擇與海盜合作。派克與海盜成功救出了希達，同時，他們也發現了軍方的邪惡計畫。為了阻止軍方邪惡計畫的實施，他們和海盜一起踏上了尋找拉比達之旅。
44,貓鼠遊戲,https://movie.douban.com/subject/1305487/,弗蘭克（萊昂納多·迪卡普里奧LeonardoDiCaprio飾）是FBI有史以來年齡最小的通緝犯。他的犯罪手段神通廣大，偽裝身份的能力超乎常人，全美各地幾乎都留下他的犯罪足跡。喬裝醫生、律師、飛行員，統統都是他曾經的身份。當然，弗蘭克憑著這個“本領”，騙取了高達幾百萬的金額。活得逍遙快樂的弗蘭克這次又成功偽造了一份學歷證明，去醫院做起了大夫。弗蘭克不但在這裡認識了護士布雷達（艾米·亞當斯AmyAdams飾），二人擦出愛火花，還通過布雷達的父親得到了一份檢察官助理的優差。然而，這只是暴風雨前夕——一雙眼睛已經盯住了弗蘭克，誓要把他繩之於法不可。這就是FBI探員卡爾（湯姆·漢克斯TomHanks飾）。在研究追捕弗蘭克的過程中，卡爾領教到這個犯罪天才的過人智商。他屢次被弗蘭克這個黃毛小子捉弄，心裡又恨又不得不佩服。每當弗蘭克有驚無險地從他的...
45,天堂電影院,https://movie.douban.com/subject/1291828/,義大利南部小鎮，古靈精怪的小男孩托托（薩瓦特利·卡西歐飾）喜歡看電影，更喜歡看放映師阿爾弗雷多（菲利浦·諾瓦雷飾）放電影，他和阿爾弗雷多成為了忘年之交，在膠片中找到了童年生活的樂趣。好心的阿爾弗雷多為了讓更多的觀眾看到電影，搞了一次露天電影，結果膠片著火了，托托把阿爾弗雷多從火海中救了出來，但阿爾弗雷多雙目失明。托托成了小鎮唯一會放電影的人，他接替阿爾弗雷多成了小鎮的電影放映師。托托（馬克·萊昂納蒂飾）漸漸長大，他愛上了銀行家的女兒艾蓮娜（阿格妮絲·那諾飾）。初戀的純潔情愫美如天堂，但是一對小情侶的海誓山盟被艾蓮娜父親的阻撓給隔斷了，托托去服兵役，而艾蓮娜去念大學。傷心的托托在阿爾弗雷多的鼓勵下，離開小鎮，追尋自己生命中的夢想……30年後，阿爾弗雷多去世，此時的托托已經是功成名就的導演，他回到了家鄉，看到殘破的天堂電影院，追憶往昔，唏...
46,聞香識女人,https://movie.douban.com/subject/1298624/,查理（克裡斯•奧唐納ChrisO'Donnell飾）是一個普通的中學生，他因為見證著一件惡作劇但又不想出賣朋友，於是面臨著一道艱難的選擇題——要麼坦白，要麼被學校勒退。而史法蘭（阿爾•帕西諾AlPacino飾）是一個退伍軍官，因為意外失明，人生從頂點的輝煌滑落穀底。自從兩人的人生有了交集，命運的轉折慢慢清晰。史法蘭打算結束失去了意義的生活，於是在查理的陪伴下，盡情享受著人生最後一趟出行。他吃最美味的佳餚，買光鮮的汽車，在狹窄的街道上飆車，住在豪華的套房裡，跟隨陌生女子的嫋嫋香水味，跳一段優雅性感的探戈……極樂的瘋狂後，他拿槍對準了自己的頭顱。然而，查理聲嘶力竭的勸阻改變了一切，曙光亦漸漸在這個老人心中重新升起，二人情深如父子。史法蘭在學校禮堂激昂演說，挽救了查理的前途，諷刺了學校的偽善。二人在互相鼓舞中得到重生。
47,指環王2：雙塔奇兵,https://movie.douban.com/subject/1291572/,第二部在延續第一部風格的同時，故事呈現出多線發展的格局，情節有了更高的觀賞性。第一部結尾，博羅米爾被強獸人殺死之後，兩個霍比特人皮平和梅利也被強獸人綁架，阿拉貢、精靈萊戈拉斯（奧蘭多·布魯姆飾）、侏儒金利一路追蹤強獸人，營救皮平和梅利，遇到了“復活”的白袍巫師甘道夫（伊恩·麥克萊恩飾）。此時，投降索倫的白袍巫師薩魯曼控制了人類洛漢王國的國王，並派出大量的強獸人軍隊，準備消滅人類。阿拉貢、萊戈拉斯和金利在甘道夫的帶領下，幫助洛漢王國對抗邪惡力量的入侵。幸運的皮平和梅利被會說話的樹精救了出來，並且遇到“復活”的甘道夫，在甘道夫的授意下，樹精保護了兩人的安全，並且帶他們參加樹精大會，大會上，樹精們討論對待中土大戰的態度：是繼續當中立者，逆來順受，還是奮起反抗？身負重任的佛羅多（伊利亞·伍德飾）和山姆繼續向末日山脈前進，一路上被咕嚕跟蹤，弗羅多...
48,羅馬假日,https://movie.douban.com/subject/1293839/,歐洲某國的安妮公主（奧黛麗·赫本AudreyHepburn飾）到訪羅馬，國務煩身，但她又厭倦繁文縟節。一天晚上，身心俱疲的她偷偷來到民間欣賞夜景，巧遇報社記者喬（格裡高利·派克GregoryPeck飾）。二人把手同遊，相當快樂。公主更是到喬的家中作客並在那過夜。不料喬無意中發現了公主的真實身份，他決定炮製一個獨家新聞，於是喬和朋友、攝影師歐文（埃迪·亞伯特EddieAlbert飾）一起帶公主同游羅馬，並且偷拍了公主的很多生活照。然而，在接下來與公主的相處中，喬不知不覺戀上了公主。為了保護公主的形象，喬只能忍痛拋棄功成名就的良機，將照片送予了公主。安妮公主在經歷了羅馬一日假期後，反而體驗了自己對國家的責任，毅然返回了大使館，為了本身的責任而果斷拋棄了愛情。
49,鋼琴家,https://movie.douban.com/subject/1296736/,史標曼（艾德里安•布洛迪AdrienBrody飾）是波蘭一家電臺的鋼琴師。二戰即將爆發之時，他們全家被迫被趕進華沙的猶太區。在戰爭的顛沛流離中，家人和親戚最終被納粹殺害，而標曼本人也受盡種種羞辱和折磨，他僥倖得到一位朋友的幫助，暫時有了藏身之處。戰爭愈加猛烈，朋友不得不拋下他回老家尋得安全的住所養育兒女。此時史標曼惡病纏身，卻還要在搜捕中逃亡。在廢墟的閣樓上他遇見了一名德國軍官，在軍官的要求下他彈奏了鋼琴曲。美妙的琴聲令德國軍官萌發了惻隱之心，他暗暗幫助標曼直到蘇軍對波蘭的解放到來……影片根據波蘭鋼琴家瓦拉迪斯羅•斯皮曼(WladyslawSzpilman)的自傳體小說《死亡城市》改編。
50,讓子彈飛,https://movie.douban.com/subject/3742360/,民國年間，花錢捐得縣長的馬邦德（葛優飾）攜妻（劉嘉玲飾）及隨從走馬上任。途經南國某地，遭劫匪張麻子（姜文飾）一夥伏擊，隨從盡死，只夫妻二人僥倖活命。馬為保命，謊稱自己是縣長的湯師爺。為湯師爺許下的財富所動，張麻子搖身一變化身縣長，帶著手下趕赴鵝城上任。有道是天高皇帝遠，鵝城地處偏僻，一方霸主黃四郎（周潤發飾）隻手遮天，全然不將這個新來的縣長放在眼裡。張麻子痛打了黃的武教頭（姜武飾），黃則設計害死張的義子小六（張默飾）。原本只想賺錢的馬邦德，怎麼也想不到竟會被捲入這場土匪和惡霸的角力之中。鵝城上空愁雲密佈，血雨腥風在所難免……本片根據馬識途的小說《夜譚十記》中的《盜官記》一章改編。
51,指環王1：護戒使者,https://movie.douban.com/subject/1291571/,比爾博·巴金斯是100多歲的霍比特人，住在故鄉夏爾，生性喜歡冒險，在年輕時的一次探險經歷中，他從怪物咕嚕手中得到了至尊魔戒，這枚戒指是黑暗魔君索倫打造的至尊魔戒，擁有奴役世界的邪惡力量，能夠統領其他幾枚力量之戒，在3000年前的人類聯盟和半獸人大軍的戰役中，聯盟取得了勝利，並得到了至尊魔戒，數千年的輾轉後，魔戒落到咕嚕手中，被比爾博碰巧得到。因為和魔戒的朝夕相處，比爾博的心性也受到了影響，在他111歲的生日宴會上，他決定把一切都留給侄子佛羅多（伊利亞‧伍德飾)，繼續冒險。比爾博的好朋友灰袍巫師甘道夫（伊恩·麥克萊恩飾）知道至尊魔戒的秘密，同時，黑暗魔君索倫已經知道他的魔戒落在哈比族的手中。索倫正在重新建造要塞巴拉多，集結無數的半獸人，準備以大軍奪取魔戒，並且征服全世界。甘道夫說服佛羅多將魔戒護送到精靈王國瑞文希爾，佛羅多在好朋友山姆、皮...
52,辯護人,https://movie.douban.com/subject/21937445/,1978年，只有高中學歷的宋佑碩（宋康昊飾）通過多年的艱苦努力，終於通過司法考試，並在成為法官後很快轉行成為一名律師。他敏銳地從最新政策中嗅到商機，以不動產代書業務起家。雖然被同行譏諷為隨時隨地派發名片的夜店小弟，但佑碩不以為忤，一步一步朝著心中的目標邁進。他依靠賺來的錢讓妻兒過上富足的生活，也還了七年前在飯店大嬸那裡欠下的良心債。進入20世紀80年代，韓國民主化鬥爭愈演愈烈。佑碩全然不管窗外事，關起門來繼續賺錢。然而社會的巨變已經不容他置身事外，飯店大嬸的兒子朴鎮宇因從屬的釜山讀書聯合會被控為左翼社團而遭到逮捕，更受到殘酷的虐待和不公的指控。雖然愛錢卻更重感情的佑碩，就這樣走上了為民主辯護的道路……
53,大鬧天宮,https://movie.douban.com/subject/1418019/,話說在東土傲來國有一座花果山，山上有一尊石猴吸收日精月華化身為一隻神猴（邱嶽峰音），統領著山中的猴子猴孫。為求得一件稱心的寶貝，神猴孫大聖潛入龍宮，強硬求來大禹治水時的定海神針如意金箍棒。東海龍王（畢克音）心有不甘，於是上天將此事訴諸玉帝（富潤生音）。玉皇大帝命令太白金星（尚華音）下界招安，許以爵位。不知有詐的孫大聖欣然前往，卻發現只是負責養馬的弼馬溫。得知受騙的猴王反下天庭，與天兵天將在花果山展開大戰……本片根據古典名著《西遊記》中的故事改編，前後歷時4年創作，並榮獲1962年捷克斯洛伐克卡羅維發利國際電影節短片特別獎、1978年英國倫敦國際電影節年度傑出電影獎、1982年厄瓜多爾第四屆國際兒童電影節三等獎、第二屆中國電影“百花獎”最佳美術片獎。
54,駭客帝國,https://movie.douban.com/subject/1291843/,不久的將來，網路駭客尼奧（基奴李維斯飾）對這個看似正常的現實世界產生了懷疑。他結識了駭客崔妮蒂（凱莉·安·摩絲飾），並見到了駭客組織的首領墨菲斯（勞倫斯·菲什伯恩飾）。墨菲斯告訴他，現實世界其實是由一個名叫“母體”的電腦人工智慧系統控制，人們就像他們飼養的動物，沒有自由和思想，而尼奧就是能夠拯救人類的救世主。可是，救贖之路從來都不會一帆風順，到底哪裡才是真實的世界？如何才能打敗那些超人一樣的特勤？尼奧是不是人類的希望？這是駭客的帝國，程式和代碼歡迎大家的到來。.
55,教父2,https://movie.douban.com/subject/1299131/,邁克爾（阿爾·帕西諾飾）是美利堅黑手黨科利昂家族的頭目。邁克爾的父親維托·安多裡尼（羅伯特·德尼祿飾）出生於義大利科利昂鎮。1901年，維托的父親安東尼奧、兄長保羅、母親（瑪麗亞·卡塔飾）都死于黑手黨西喬家族之手。9歲的維托只得漂洋過海逃亡美利堅謀生。入境時，海關官員（理查·沃森飾）將其名姓登記為維托·科利昂。1958年，邁克爾為兒子安東尼（詹姆斯·古納瑞斯飾）舉辦了初領聖體的聚會，不想當晚便遭遇暗殺。邁克爾僥倖躲過一劫，兩名殺手卻被人滅口。維托在異國他鄉如何生存？他身負的血海深仇能否得報？想要邁克爾性命的是誰？將殺手滅口的又是誰？
56,死亡詩社,https://movie.douban.com/subject/1291548/,威爾頓預備學院以其沉穩凝重的教學風格和較高的升學率聞名，作為其畢業班的學生，理想就是升入名校。新學期文學老師約翰·基汀（羅賓·威廉姆斯飾）的到來如同一陣春風，一反傳統名校的嚴肅刻板。基汀帶學生們在校史樓內聆聽死亡的聲音，反思生的意義；讓男生們在綠茵場上宣讀自己的理想；鼓勵學生站在課桌上，用新的視角俯瞰世界。老師自由發散式的哲學思維讓學生內心產生強烈的共鳴，他們漸漸學會自己思考與求索，勇敢的追問人生的路途，甚至違反門禁，成立死亡詩社，在山洞裡擊節而歌！基汀教授、基汀老師、基汀隊長，他的教育宛若春風化雨，潤物無聲的留在每個人心裡…
57,獅子王,https://movie.douban.com/subject/1301753/,辛巴是獅子王國的小王子，他的父親穆法沙是一個威嚴的國王。然而叔叔刀疤卻對穆法沙的王位覬覦已久。要想坐上王位寶座，刀疤必須除去小王子。於是，刀疤利用種種藉口讓辛巴外出，然後伺機大開殺戒，無奈被穆法沙即時來救。在反復的算計下，穆法沙慘死在刀疤手下，刀疤別有用心的勸辛巴離開，一方面派人將他趕盡殺絕。辛巴逃亡中遇到了機智的丁滿和善良的彭彭，他們撫養辛巴長成雄壯的大獅子，鼓勵他回去森林複國。在接下來一場複國救民的鬥爭中，辛巴真正長成一個堅強的男子漢，領會了責任的真諦。
58,海蒂和爺爺,https://movie.douban.com/subject/25958717/,孤兒海蒂（阿努克·斯特芬飾）被姨母迪蒂（安娜·希恩斯飾）送上了阿爾卑斯山，與遠離小鎮獨居於高山的祖父（布魯諾·甘茨飾）一同生活。活潑的海蒂在這裡如魚得水，不僅收穫了羊倌彼得（奎林·阿格裡皮飾）的友情和孤僻祖父的親情，還與山下彼得的家人打成一片。一天，海蒂同彼得在山上放羊，姨母突然出現，連哄帶騙將海蒂賣到法蘭克福的澤塞曼家。從此，目不識A的海蒂成為了小姐克拉拉（伊莎貝爾·奧特曼飾）的伴讀。克拉拉幼年喪母，大病一場再不能站立，只能被困在豪宅中與輪椅相伴。父親（馬克沁·梅米特飾）常年在外很少回家，寂寞的克拉拉把海蒂當成了救命稻草。海蒂能適應澤塞曼家的新生活嗎？遠在天邊的祖父和彼得還能再見嗎？克拉拉的腿還有好起來的希望嗎？
59,搏擊俱樂部,https://movie.douban.com/subject/1292000/,傑克（愛德華•諾頓飾）是一個大汽車公司的職員，患有嚴重的失眠症，對周圍的一切充滿危機和憎恨。一個偶然的機會，傑克遇上了賣肥皂的商人泰勒（布拉德•皮特），一個渾身充滿叛逆、殘酷和暴烈的痞子英雄，並因為自己公寓失火而住進了泰勒破舊不堪的家中。兩人因緣際會地成為了好朋友，並創立了“搏擊俱樂部”：一個讓人們不戴護具而徒手搏擊，宗旨在於發洩情緒的地下組織。俱樂部吸引了越來越多的人，逐漸發展成為一個全國性的地下組織，而泰勒也以自己個人的魅力，吸引著那些盲目的信徒。俱樂部的成員們到處滋事打架、大肆破壞，泰勒本人的行為也越來越瘋狂。傑克對於“搏擊俱樂部”的現況及泰勒的行為越來越無法忍受，和泰勒發生爭執，泰勒離開了他。然而，傑克發現，他走到何處都無法擺脫泰勒的影子，他開始思考：我到底是誰？
60,綠皮書,https://movie.douban.com/subject/27060077/,托尼（維果·莫騰森ViggoMortensen飾）是一個吊兒郎當遊手好閒的混混，在一家夜總會做侍者。這間夜總會因故要停業幾個月，可托尼所要支付的房租和生活費不會因此取消，所以他的當務之急是去尋找另一份工作來填補這幾個月的空缺。在這個節骨眼上，一位名叫唐雪麗（馬赫沙拉·阿裡MahershalaAli飾）的黑人鋼琴家提出雇傭托尼。唐雪麗即將開始為期八個星期的南下巡迴演出，可是，那個時候南方對黑人的歧視非常的嚴重，於是托尼便成為了唐雪麗的司機兼保鏢。一路上，兩人迥異的性格使得他們之間產生了很多的矛盾，與此同時，唐雪麗在南方所遭受的種種不公平的對待也讓托尼對種族歧視感到深惡痛絕。
61,飲食男女,https://movie.douban.com/subject/1291818/,臺灣中國菜碩果僅存的大師老朱（郎雄）退休後，漸嘗老年生活的諸多尷尬：每週日費心做出的一桌豐盛菜肴，並無將三個女兒（楊貴媚、吳倩蓮、王渝文）齊齊拉到飯桌的吸引力，已經長大成人的她們，心裡藏了許多比陪父親吃飯更重要的事；多年老友的突然離世，令他在友情這塊也有了缺口；而對廚師來講最重要的味覺的喪失，則將其徹底推到人生的低谷。三個女兒雖各忙各事，卻也操心著老朱的晚年生活，計畫著為其找個老伴，但她們沒料到老朱早已悄無聲息地談起了“黃昏戀”。吃驚過後，老朱最看重的繼承了他做菜天賦的二女兒家倩因為自身的生活經歷，對父親、她與父親的關係有了新的認識，而對老朱來講更大的驚喜，還在後面。
62,美麗心靈,https://movie.douban.com/subject/1306029/,本片是關於20世紀偉大數學家小約翰•福布斯-納什的人物傳記片。小約翰•福布斯-納什（拉塞爾•克勞）在念研究生時，便發表了著名的博弈理論，該理論雖只有短短26頁，卻在經濟、軍事等領域產生了深遠的影響。但就在小約翰•福布斯-納什蜚聲國際時，他的出眾直覺因為精神分裂症受到困擾，然而這並沒阻止他向學術上的最高層進軍的步伐，在深愛他的妻子艾麗西亞（珍妮佛•康納利）的鼓勵和幫助下，他走得雖然艱緩，卻始終沒有停步，而最終，憑藉十幾年的不懈努力和頑強意志，他如願以償。
63,竊聽風暴,https://movie.douban.com/subject/1900841/,1984年的東德，整個社會籠罩在國家安全局的高壓統治之下，特工魏斯曼（烏爾利希·穆厄飾）奉命監聽劇作家德萊曼（塞巴斯蒂安·寇治飾）及其女友演員克莉絲蒂娜（瑪蒂娜·傑蒂克飾）的生活，監聽過程中，魏斯曼漸漸對這家人的生活產生了興趣，開始暗中幫助他們。一篇刊登在西德《明鏡》報上的文章引起了特工頭目的注意，他們認為這篇文章是德萊曼寫的，並逮捕了克莉絲蒂娜，希望能夠從她口中得出她丈夫的秘密？而審問克莉絲蒂娜的正是魏斯曼……
64,本傑明·巴頓奇事,https://movie.douban.com/subject/1485260/,颶風正在侵襲美國新奧爾良，一位病危的老婦睜開了她的睡眼。老婦名叫戴茜（凱特·布蘭切特飾），她叫女兒凱若琳（朱麗亞•奧蒙德飾）為她閱讀一本日記。這本日記的作者叫本傑明•巴頓（布拉德•皮特飾）。本傑明出生在第一次世界大戰停戰之時，但生來便像個老人的他被父親當作怪物，被遺棄在了養老院。本傑明在養老院與老人們一起生活。但誰都沒有想到，本傑明逆向發育——越活越年輕！也許“越活越年輕”是某些人的夢想，但真正這樣成長的本傑明卻有了別人無法理解的煩惱與快樂。穿越半世紀的世界變革，本傑明身處其中，感受別人感受不到的感受。為何母親會讓自己念這本日記？本傑明•巴頓此人與母親有什麼關係？凱若琳陷入了深深的疑惑與好奇之中。
65,情書,https://movie.douban.com/subject/1292220/,日本神戶某個飄雪的冬日，渡邊博子（中山美穗）在前未婚夫藤井樹的兩周年祭日上又一次悲痛到不能自已。正因為無法抑制住對已逝戀人的思念，渡邊博子在其中學同學錄裡發現“藤井樹”在小樽市讀書時的地址時，依循著寄發了一封本以為是發往天國的情書。不想不久渡邊博子竟然收到署名為“藤井樹（中山美穗）”的回信，經過進一步瞭解，她知曉此藤井樹是一個同她年紀相仿的女孩，且還是男友藤井樹（柏原崇）少年時代的同班同學。為了多瞭解一些昔日戀人在中學時代的情況，渡邊博子開始與女性藤井樹書信往來。而藤井樹在不斷的回憶中，漸漸發現少年時代與她同名同姓的那個藤井樹曾對自己藏了一腔柔情。
66,兩杆大煙槍,https://movie.douban.com/subject/1293350/,艾迪（尼克·莫倫）思維敏捷，是個玩牌高手。在三個好友的支持下，艾迪攜鉅資參加了黑社會的高額賭局，不想落入圈套，欠下50萬的賭債。為了還清賭債，艾迪和朋友們絞盡腦汁，最終算計到一群毒販身上，並為打劫購買了兩杆老式煙槍。不想這群不安分的毒販，正惦念著他們毒品供應商的錢，並在同一天實施了打劫。在毒販們費盡周折，把毒品供應商熨的整整齊齊的錢款拿到手後，艾迪他們幸運的坐享其成。可是他們不知道，這看似簡單的搶劫案背後，更有厲害的角色參與其中。他們手裡的兩杆破煙槍也隱藏著不少故事。在無知與莽撞中置身漩渦的他們能僥倖脫身麼？笑料迭出的偶發事件裡，穿插著小人物與大人物的辛酸幽默。
67,穿條紋睡衣的男孩,https://movie.douban.com/subject/3008247/,八歲男孩布魯諾（AsaButterfield飾）一家隨著納粹軍官父親的一紙調令，由柏林搬遷到了鄉下。失去了朋友們的布魯諾很快對新家附近的“農莊”產生了興趣，那裡有一群身穿“條紋睡衣”的人終日忙碌，並且其中一個為布魯諾一家服務，他形容骯髒，態度慎微。周遭環境和布魯諾的舉止讓母親暗暗擔憂，但納粹父親制止家中任何懷疑既定政策的行為。布魯諾偷偷結識了鐵絲網另一邊的同齡男孩施莫爾，並時常帶給他食物吃。在緊張的家庭氛圍和姐姐向成人世界的變化中，施莫爾是布魯諾惟一的朋友。某日布魯諾決定，去鐵絲網的另一邊，以便見到施莫爾的父親……本片根據約翰·伯恩的同名小說改編，獲2008年芝加哥國際電影節觀眾票選獎。
68,西西里的美麗傳說,https://movie.douban.com/subject/1292402/,當我還只是十三歲時，1941年春末的那一天，我初次見到了她那一天，墨索里尼向英法宣戰，而我，得到了生命裡的第一輛腳踏車。她，撩著波浪狀黑亮的秀髮，穿著最時髦的短裙和絲襪，踏著充滿情欲誘惑的高跟鞋，來到了西西里島上寧靜的陽光小鎮。她的一舉一動都引人矚目、勾人遐想，她的一顰一笑都教男人心醉、女人羨妒。瑪蓮娜，像個女神一般，征服了這個海濱的天堂樂園。年僅十三歲的雷納多也不由自主地掉進了瑪蓮娜所掀起的漩渦之中，他不僅跟著其他年紀較大的青少年們一起騎著單車，穿梭在小鎮的各個角落，搜尋著瑪蓮娜的誘人丰姿與萬種風情，還悄悄地成為她不知情的小跟班，如影隨形地跟監、窺視她的生活。她搖曳的倩影、她聆聽的音樂、她貼身的衣物都成為這個被荷爾蒙淹沒的少年，最真實、最美好的情欲幻想。然而，透過雷納多的眼，我們也看到了瑪蓮娜掉進了越來越黑暗的處境之中，她變成了寡婦，而在鎮民...
69,看不見的客人,https://movie.douban.com/subject/26580232/,艾德里安（馬里奧·卡薩斯MarioCasas飾）經營著一間科技公司，事業蒸蒸日上，家中有美麗賢慧的妻子和活潑可愛的女兒，事業家庭雙豐收的他是旁人羡慕的對象。然而，野心勃勃的艾德里安並未珍惜眼前來之不易的生活，一直以來，他和一位名叫蘿拉（芭芭拉·藍妮BárbaraLennie飾）的女攝影師保持著肉體關係。某日幽會過後，兩人驅車離開別墅，卻在路上發生了車禍，為了掩蓋事件的真相，兩人決定將在車禍中死去的青年丹尼爾聯同他的車一起沉入湖底。之後，蘿拉遇見了一位善良的老人，老人將蘿拉壞掉的車拉回家中修理，然而，令蘿拉沒有想到的是，這位老人，竟然就是丹尼爾的父親。
70,飛越瘋人院,https://movie.douban.com/subject/1292224/,麥克墨菲（傑克·尼科爾森JackNicholson飾）為了逃避監獄裡的強制勞動，裝作精神異常，被送進了精神病院，他的到來，給死氣沉沉的精神病院帶來了劇烈的衝擊。麥克要求看棒球比賽的電視轉播，挑戰了醫院嚴格的管理制度，受到護士長拉契特（路易絲·弗萊徹LouiseFletcher飾）的百般阻撓；麥克帶領病人出海捕魚，振奮了他們的精神，卻讓院方頭痛不已。院方為了懲處麥克膽大妄為、屢犯院規，決定將他永遠留在瘋人院。生性自由的麥克再也無法忍受瘋人院的生活，他聯合病友，高大的印第安人“酋長”，開始自己的計畫：飛越瘋人院。本片獲1975年第48屆奧斯卡最佳影片，最佳男、女主角，最佳導演和最佳改編劇本五項大獎。主人公“不自由，毋寧死”的精神在當今社會仍有很大的現實意義。
71,拯救大兵瑞恩,https://movie.douban.com/subject/1292849/,瑞恩（馬特•達蒙MattDamon飾）是二戰期間的美國傘兵，被困在了敵人後方。更不幸的是，他的三個兄弟全部在戰爭中死亡，如果他也遇難，家中的老母親將無依無靠。美國作戰總指揮部知道了這個情況，毅然決定組織一個小分隊前往救援，其中包括米勒上尉（湯姆•漢克斯TomHanks飾）和翻譯厄本（傑瑞米.大衛斯JererryDavies飾）。然而，敵方危險重重，他們一路上隨時與死亡打交道。他們非常懷疑，到底值不值得冒著八個人的生命危險，去搭救一個人。大家一路輾轉尋找瑞恩，對於這次搭救行動，有人不滿，有人熱忱，有人好奇。大家一次次聞到死神的氣息，瑞恩的獲救付出了沉重的代價。
72,音樂之聲,https://movie.douban.com/subject/1294408/,瑪利亞（朱麗·安德魯斯飾）是一個年輕活潑的修女，喜歡在大自然下高聲歌唱，所以她常常忘記了修道院裡的規矩。院長認為瑪利亞並不屬於規矩嚴格的修道院。院長與眾嬤嬤商量後，決定安排瑪利亞到一位名叫特拉普（克里斯多夫·普盧默飾）上校家當家庭教師。上校的妻子去世多年，留下7個孩子，他要求對孩子嚴格管教。他告訴瑪利亞在他家的家庭教師都做不長久，都是因為孩子的惡作劇。瑪利亞果然也遭到了惡作劇，可是這位善良的老師並沒有告訴他們的父親，而是像個母親一樣照顧孩子，很快跟孩子打成一片。上校也漸漸在瑪利亞的引導下改變了對孩子們的態度。上校與瑪利亞之間發生了感情，他們完婚後回到了已被納粹佔領的奧地利，上校並不想為納粹辦事，一家人準備逃跑……
73,小鞋子,https://movie.douban.com/subject/1303021/,家境貧寒的男孩Ali（AmirFarrokhHashemian）幫妹妹Zahra（BahareSeddiqi）取修補好的鞋子時，不慎將鞋子弄丟，為了不被父（MohammadAmirNaji）、母（FereshteSarabandi）責罰，他央求Zahra暫時保密，說兩人可以替換著穿他的鞋子上學，並答應一定會幫她買雙新鞋子。Ali原本指望用他和父親進城打工掙的錢幫Zahra買雙新鞋，父親的意外受傷打消了他的美夢。看到全市長跑比賽季軍的獎品是一雙運動鞋時，Ali決定參加比賽，但是他錯過了報名日期。幾經哀求，老師（DariushMokhtari）破例讓實力出眾的Ali參加了比賽。比賽場上，Ali不斷提醒自己，一定要得第三名！
74,阿凡達,https://movie.douban.com/subject/1652587/,戰鬥中負傷而下身癱瘓的前海軍戰士傑克·薩利（薩姆·沃辛頓SamWorthington飾）決定替死去的同胞哥哥來到潘朵拉星操縱格蕾絲博士（西格妮·韋弗SigourneyWeaver飾）用人類基因與當地納美部族基因結合創造出的“阿凡達”混血生物。傑克的目的是打入納美部落，外交說服他們自願離開世代居住的家園，從而SecFor公司可砍伐殆盡該地區的原始森林，開採地下昂貴的“不可得”礦。在探索潘朵拉星的過程中，傑克遇到了納美部落的公主娜蒂瑞（佐伊·索爾達娜ZoeSaldana飾），向她學習了納美人的生存技能與對待自然的態度。與此同時，SecFor公司的經理和軍方代表上校邁爾斯（史蒂芬·朗StephenLang飾）逐漸喪失耐心，決定訴諸武力驅趕納美人……本片採用3D技術拍攝，共耗資5億美元製作發行，是電影史上最為昂貴的作品。本片榮獲...
75,海豚灣,https://movie.douban.com/subject/3442220/,日本和歌山縣太地，是一個景色優美的小漁村，然而這裡卻常年上演著慘無人道的一幕。每年，數以萬計的海豚經過這片海域，他們的旅程卻在太地戛然而止。漁民們將海豚驅趕到靠近岸邊的一個地方，來自世界各地的海豚訓練師挑選合適的物件，剩下的大批海豚則被漁民毫無理由地趕盡殺絕。這些屠殺，這些罪行，因為種種利益而被政府和相關組織所隱瞞。理查•貝瑞（RichardO’Barry）年輕時曾是一名海豚訓練師，他所參與拍攝電影《海豚的故事》備受歡迎。但是，一頭海豚的死讓理查的心靈受到強烈的震撼。從此，他致力於拯救海豚的活動。不顧當地政府和村民百般阻撓，他和他的攝影團隊想方設法潛入太地的海豚屠殺場，只為將罪行公之於眾，拯救人類可愛的朋友……本片榮獲2010年第82屆奧斯卡金像獎最佳紀錄長片獎。
76,致命魔術,https://movie.douban.com/subject/1780330/,19世紀末，人們對科學文明還不是認識得太過清楚，於是，安吉爾（休•傑克曼HughJackman飾）和伯登（克利斯蒂安•貝爾ChristianBale飾）的魔術，成為了倫敦城內的神奇人物。安吉爾出身貴族，魔術手段華麗豐富，是富人圈子裡的表演常客。而伯登即使出身平平，爭強好勝的心智和充滿創造力的魔術技巧，卻也令他有了名氣。兩人自小本是要好的夥伴，然而，現在魔術界二人各有領地，並且都有野心想成為音樂大廳裡的頂級魔術師，一番明爭暗鬥如箭在弦上。伯登掌握了精彩的分身術，叫座又叫好。而安吉爾見情勢不妙，搬來科學家助陣——他發明的交流電有無窮魔力，保證讓觀眾目瞪口呆。二人出招接招，一來一往，爭鬥在劇烈升級，友誼和道德都被拋諸腦後，一場血案在悄悄醞釀。
77,沉默的羔羊,https://movie.douban.com/subject/1293544/,聯調局學院學員ClariceM.Starling（喬迪·福斯特飾）受行為科學組的JackCrawford（斯科特·葛籣飾）指派，前往州立巴爾的摩法醫院訪問被監禁的精神科醫生HannibalLecter（安東尼·霍普金斯飾）。Lecter要求轉到條件較好的聯邦機構，遠離常常折磨他的FrederickChilton醫生（安東尼·希爾德飾），並願意為此提供持續作案的連環殺手水牛比爾（泰德·萊文飾）的心理分析……
78,哈利·波特與死亡聖器(下),https://movie.douban.com/subject/3011235/,當又一次和伏地魔（拉爾夫·費因斯RalphFiennes飾）的意識連通，哈利·波特（丹尼爾·雷德克裡夫DanielRadcliffe飾）斷定最後一件魂器藏在霍格華茲，於是和羅恩（魯伯特·格林特RupertGrint飾）、赫敏（艾瑪·沃森EmmaWatson飾）一同返回烏雲密佈的學校。在好友們的幫助下，他們成功驅逐了斯內普（艾倫·瑞克曼AlanRickman飾），然而覺察到哈利目的的伏地魔則率領徒眾向霍格華茲逼近。食死徒、攝魂怪、巨人瘋狂湧入這所有著悠久歷史的魔法學校，正邪決戰旋即爆發，一時間血雨腥風，死傷無數。從斯內普的眼淚中，哈利不僅瞭解到父輩的故事，也證實了藏緬於他體內最後的秘密。在此之後，他也和伏地魔迎來了最後的對決……本片根據英國作家J.K.羅琳的同名原著改編，也是“哈利·波特”系列影片的完結篇。
79,美國往事,https://movie.douban.com/subject/1292262/,1933年，紐約流氓Noodles（羅伯特·德·尼祿飾）因向哈洛倫警司（布魯斯·巴倫堡飾）通風報信害死了三名同夥而被追殺。逃亡之前，他打開了存放幫派基金的手提箱，裡面卻只有報紙。1968年，已改名換姓的Noodles收到一封猶太會堂通知遷葬親友的信。Noodles聯繫拉比，得知信是八個月前寄出的，他的三名同夥已被遷葬至一所豪華公墓。Noodles回到紐約，找老友莫（拉裡·拉普飾）瞭解情況，卻一無所獲。閒談中，Noodles問起莫的妹妹黛博拉（伊莉莎白·麥戈文飾）的情況，得知其已成名角。原來，兩人少時互有好感，但黛博拉（詹妮弗·康納利飾）志向高遠腳踏實地，理智地將街頭混混Noodles（斯科特·提勒飾）拒於門外。Noodles在公墓發現了一把鑰匙，並用鑰匙打開了當年存放手提箱的儲物櫃。這一次，箱子裡有滿滿的百元鈔，還有寫著“下一份工作...
80,禁閉島,https://movie.douban.com/subject/2334904/,本片根據美國小說家鄧尼斯·勒翰（DennisLehane）的同名小說改編。1954年，聯邦警官泰迪（萊昂納多·迪卡普里奧LeonardoDiCaprio飾）和搭檔查克（馬克·魯弗洛MarkRuffalo飾）乘船來到波士頓附近的禁閉島精神病犯監獄調查一樁離奇失蹤案。手刃親生骨肉的女犯蕾切爾（艾米莉·莫迪默EmilyMortimer飾）從戒備森嚴的牢室神秘逃脫，藏匿於孤島深處。泰迪懷疑監獄的主治精神病醫師約翰·考利（本·金斯利BenKingsley飾）有意隱瞞內情，並向查克透露他上島的真實目的其實是尋找當年縱火燒死他妻子德洛麗絲（蜜雪兒·威廉姆斯MichelleWilliams飾）的管理員，並揭露美國政府利用精神病犯人進行人體科學實驗的罪行。但隨著調查的逐漸深入，真相卻變得越來越撲朔迷離……
81,蝴蝶效應,https://movie.douban.com/subject/1292343/,伊萬（艾什頓·庫奇AshtonKutcher飾）曾經有一個糟糕的童年，因為他行為闖下了大禍，令他童年充滿不堪回憶的往事。而事實上，他確實只是依稀記得一點可怕的情景，這些情景一直糾纏著他的正常生活。伊萬接受心理學家建議，把瑣碎生活記在記事本裡，卻偶然發現通過記事本回到過去。這時他才清楚記起，童年時候的自己做了那麼多的錯事。他幻想著用現在的意識，潛入童年的身體，去彌補種種過失給人們帶來的傷害，尤其是希望與當年暗戀的凱西最終走回一起。然而他一次次的跨越時空的更改，只能越來越招致現實世界的不可救藥。一切就像蝴蝶效應般，牽一髮而動全身。
82,布達佩斯大飯店,https://movie.douban.com/subject/11525673/,故事要從一位無名作家（裘德·洛JudeLaw飾）說起，為了專心創作，他來到了名為“布達佩斯”的飯店，在這裡，作家遇見了飯店的主人穆斯塔法（F·莫里·亞伯拉罕F.MurrayAbraham飾），穆斯塔法邀請作家共進晚餐，席間，他向作家講述了這座飽經風雨的大飯店的前世今生。飯店曾經的主人名叫古斯塔沃（拉爾夫·費因斯RalphFiennes飾），而年輕的穆斯塔法（托尼·雷沃羅利TonyRevolori飾）在當時不過是追隨著他的一介小小門童。古斯塔沃為人正直，精明能幹，在他的經營和組織之下，布達佩斯大飯店成為了當時首屈一指的度假勝地。古斯塔沃和年邁的D夫人（蒂爾達·斯文頓TildaSwinton飾）情投意合，D夫人去世後，在遺囑中將一副價值連城的名畫留給了古斯塔沃，這一舉動惹惱了她的兒子迪米特裡（阿德里安·布洛迪Adrie...
83,心靈捕手,https://movie.douban.com/subject/1292656/,麻省理工學院的數學教授藍波在席上公佈了一道困難的數學題，卻被年輕的清潔工威爾（馬特·戴蒙飾）解了出來。可是威爾卻是個問題少年，成天和好朋友查克（本·阿弗萊特飾）等人四處閒逛，打架滋事。當藍波找到這個天才的時候，他正因為打架襲警被法庭宣判送進看守所。藍波向法官求情保釋，才使他免於牢獄之災。藍波為了讓威爾找到自己的人生目標，不浪費他的數學天賦，請了很多心理學專家為威爾做輔導，但是威爾十分抗拒，專家們都束手無策。無計可施之下，藍波求助於他大學的好友，心理學教授尚恩（羅賓·威廉姆斯飾），希望能夠幫助威爾打開心房。經過藍波和尚恩的不懈努力，威爾漸漸敞開心胸，而好友查克的一席話，更是讓他豁然開朗。
84,低俗小說,https://movie.douban.com/subject/1291832/,《低俗小說》由“文森特和馬沙的妻子”、“金表”、“邦妮的處境”三個故事以及影片首尾的序幕和尾聲五個部分組成。看似獨立的小故事裡面，卻又有環環相扣的人和事。盜賊“小南瓜”和“小兔子”在早餐店裡打劫，卻遇上了天大的麻煩——黑社會成員朱爾斯（撒母耳•傑克遜SamuelL.Jackson飾）和文森特（約翰•特拉沃爾塔JohnTravolta飾）在店內用餐，可謂天外有天。二人是否會放過兩名小盜賊？而文森特是黑社會大哥馬沙•華萊士（文•瑞姆斯VingRhames飾）的手下，馬沙下命令讓他陪妻子一個晚上，明知如有雷池必死無疑，但面對馬沙妻子美豔誘惑，文森特該怎麼辦。文森特的故事還沒完，拳擊手布奇（布魯斯•威利斯BruceWillis飾）的出現將令他的人生從此改變。布奇有一塊祖傳金表，就是因為這塊金表，他和馬沙分享了一個恥辱的秘密。故事環狀結構，回...
85,春光乍泄,https://movie.douban.com/subject/1292679/,黎耀輝（梁朝偉）與何寶榮（張國榮）是一對同性戀人，為了有新的開始，他們懷著美麗的夢想（去看南美洲大瀑布）離開香港來到阿根廷，卻在布宜諾賽勒斯迷了路。黎耀輝想安下心來過日子，無奈何寶榮於夜夜笙歌中放縱著自己的生命，以期找尋更多的刺激，只當黎耀輝是他受傷後的港灣，兩人分歧、爭吵越來越多，心的距離越來越遠。黎耀輝明白過去的日子不可能再複返時，決定離開何寶榮，而正是在他離開後，絕望的意味（對黎耀輝的愛）才在何寶榮的腦海中完整地浮現。
86,摩登時代,https://movie.douban.com/subject/1294371/,二十年代的美國處於經濟蕭條時期，失業率居高不下，工人受盡壓榨，成為了大機器生產中的一顆螺絲釘。查理（查理·卓別林CharlesChaplin飾）就是一個底層市民，他在一個機器隆隆的廠房裡日以繼夜地工作，以賺取微薄的收入。重複繁重的工作壓得他喘不過氣，他把人們的鼻子當成螺絲釘來擰，捲入流水線機器的皮帶裡，令人苦笑不得。查理儘管貧窮，但卻很善良。他在路上搭救了流浪女，和她一起生活，家裡破爛卻又溫馨。每次身無分文的查理為了找到吃的，都會故意犯事，以便進入監牢。光景一時間有了好轉，流浪女成了歌舞紅星，然而好景太短暫了。
87,七宗罪,https://movie.douban.com/subject/1292223/,“暴食”、“貪婪”、“懶惰”、“嫉妒”、“驕傲”、“淫欲”、“憤怒”，這是天主教教義所指的人性七宗罪。城市中發生的連壞殺人案，死者恰好都是犯有這些教義的人。兇手故弄玄虛的作案手法，令資深冷靜的警員沙摩塞（摩根•弗裡曼MorganFreeman飾）和血氣方剛的新紮警員米爾斯（布拉德•皮特BradPitt飾）都陷入了破案的謎團中。他們去圖書館研讀但丁的《神曲》，企圖從人間地獄的描繪中找到線索，最後從宗教文學哲學的世界中找到了兇手作案計畫和手段的蛛絲馬跡。兇手前來投案自首，這令眾人都松了一口氣，以為案件就此結束，怎料還是逃不出七宗罪的殺人邏輯，這次兇手瞄準的目標，是那個犯了“憤怒”罪的人……
88,喜劇之王,https://movie.douban.com/subject/1302425/,尹天仇（周星馳飾）一直醉心戲劇，想成為一名演員，平時除了做跑龍套以外，還會在街坊福利會裡開設演員訓練班。此時舞小姐柳飄飄在媽媽桑的帶領下來到這裡要求學做戲，原來柳飄飄有一段非常不愉快的經歷，在尹天仇對她指導的過程中，柳飄飄對尹天仇漸生情愫，同時她也成為了夜總會裡當紅的小姐。尹天仇受到了極多白眼之後，終於得到了大明星鵑姐（莫文蔚飾）的賞識，提攜他擔演新戲中的男主角，但沒想到突然把他的角色換掉了，令他失望不已。在片場當場務的臥底警員（吳孟達飾）身份被識穿，尹天仇陰差陽錯的幫忙破了案。之後尹天仇繼續活躍在街坊福利會的演員訓練班裡。
89,致命ID,https://movie.douban.com/subject/1297192/,一個典型而又引人入勝的懸疑故事：一個汽車旅館裡，住進了10個人，他們中間有司機、妓女、過氣女星、夫婦、警探和他的犯人，還有神秘的旅館經理。這天風雨大作，通訊中斷，10人被困在了旅館裡，驚悚的故事開始了。他們一個接一個的死去，並且按照順序留下牌號。10個人存活下來的漸漸變少，他們開始恐慌，互相猜忌，卻無意間發現了彼此間的聯繫。但是，大家懷疑的嫌疑人卻紛紛死去，謎團籠罩在旅館狹小的空間裡，這樣的兇殺案件卻有著人們猜不到的真相……
90,殺人回憶,https://movie.douban.com/subject/1300299/,1986年，韓國京畿道華城郡，熱得發昏的夏天，在田野邊發現一具女屍，早已發臭。小鎮員警朴探員（宋康昊飾）和漢城來的蘇探員（金相慶飾）接手案件，唯一可證實的是這具女屍生前被強姦過。線索的嚴重缺乏讓毫無經驗的樸探員和搭檔曹探員（金羅河飾）只憑粗暴逼供和第六感推斷，幾次將犯罪嫌疑人屈打成招。而蘇探員客觀冷靜，據理分析，幾次排除嫌疑，員警內部為了證明與推翻矛盾不斷，然而無辜女子還是接二連三被殘忍殺害，他們只好達成共識一起合作。此時，一個極其符合作案特徵的小青年（朴海日飾）成為最大嫌疑人，警方神經繃緊地鎖定住他，同時DNA檢測報告也被送往美國，然而案件並未在此處停止。
91,被嫌棄的松子的一生,https://movie.douban.com/subject/1787291/,有一天父親（香川照之飾）突然來找阿笙（瑛太飾），告訴他有個素未謀面的姑姑死了，叫他去收拾下姑姑的房子。在河邊的破爛小屋裡，阿笙漸漸開始瞭解父親口中的姑姑，到底有著怎樣的一生。小時候的姑姑川尻松子（中谷美紀飾）經常做著白雪公主似的美夢，她後來成為一名安分的中學教師，卻因百口莫辯的誤會被辭退了，之後和一作家同居，作家卻因為太愛她而選擇自殺，死前留下遺言：生而為人對不起。這件事對松子打擊極大；之後與該作家的事業敵人同居直至，又忍受不住去找對方妻子的誘惑，結果慘遭拋棄；又是當上浴室女郎，甚至還殺人入獄，然而不管有意無意，她從不放棄生活的希望。不管生活再怎樣破碎，她仍然本能地生存下去，這生存本身，足以打動任何人，包括阿笙。
92,加勒比海盜,https://movie.douban.com/subject/1298070/,"故事發生在17世紀，傳說中海盜最為活躍的加勒比海。風趣迷人的傑克·斯伯洛（約翰尼·德普JohnnyDepp飾），是活躍在加勒比海上的海盜，擁有屬於自己的“黑珍珠”號海盜船。對他來說，最愜意的生活就是駕駛著“黑珍珠”號在加勒比海上遊蕩，自由自在的打劫過往船隻。但不幸的是，他的仇敵，老謀深算的巴爾巴羅薩船長(傑佛瑞·拉什GeoffreyRush飾)偷走了他的“黑珍珠”號。巴伯薩是一個無惡不作的壞蛋，他搶劫了傑克的""黑珍珠號""後，更加倡狂，在加勒比海上橫行霸道，一時成為整個加勒比海的霸主。一次，巴伯薩一夥襲擊了羅亞爾港小鎮，還綁架了總督的女兒伊莉莎白·斯萬(凱拉·奈特莉KeiraKnightley飾)和伊莉莎白青梅竹馬的鐵匠學徒威爾·特納（奧蘭多·布魯姆OrlandoBloom飾），想方設法救出了獄中的船長傑克，偷來英國皇家艦隊最..."
93,紅辣椒,https://movie.douban.com/subject/1865703/,近未來，為了治療現代人類越來越多、越來越嚴重的精神疾病，位於東京的精神醫療綜合研究所開發出一種可以反映他人夢境的機器。通過微型DC的幫助，夢境在顯示器上呈現出來，更方便找到一個人焦慮的癥結。某日，三台微型DC失竊，與之相關的研究人員的夢境接連被人侵入，隨後受到嚴重傷害。美女醫療師千葉敦子另一個身份是夢境偵探“紅辣椒”，她能夠與患者同步體驗夢境。為避免盜賊利用微型DC進一步作惡，她不得不潛入受害者的夢中尋找恐怖分子，一場充滿奇幻和驚險的爭鬥旋即展開……本片入圍2006年威尼斯電影節主競賽單元，榮獲2007年葡萄牙奇幻電影節影評人選擇獎、2006年蒙特利爾電影節大眾選擇獎。
94,狩獵,https://movie.douban.com/subject/6985810/,剛剛和妻子離婚的盧卡斯（麥斯·米科爾森MadsMikkelsen飾）目前在一家托兒所工作，心地善良個性溫和的他很快就受到了同事和孩子們的喜愛，其中，一個名叫卡拉（安妮卡·韋德科普AnnikaWedderkopp飾）的早熟女孩對盧卡斯尤為的親近。面對女孩幼稚而單純的示好，盧卡斯只能婉轉的拒絕，可令他沒有想到的是，這一舉動將他的生活推向了風口浪尖。卡拉報復性的謊言讓盧卡斯背負起了性侵女童的罪名，一時間，這個好好先生成為了整個小鎮排擠和壓迫的對象。好友的憤怒，前妻的不信任，愛犬的死亡和陌生人的惡意讓盧卡斯幾近崩潰，而當小小的卡拉吐露真相之後，惡意卻並沒有隨著盧卡斯的重獲清白而劃下句點。
95,剪刀手愛德華,https://movie.douban.com/subject/1292370/,愛德華（約翰尼•戴普飾）是一個機器人，他擁有人的心智，卻有一雙剪刀手，孤獨地生活在古堡裡，闖入古堡的化妝品推銷員佩格把他帶回家，讓他走進了人類的世界。單純的愛德華愛上了佩格的女兒金（薇諾娜•瑞德飾），金也慢慢的被愛德華的善良所吸引。但是，一連串的意外事情讓周圍的人鄰居對愛德華的態度從喜歡變成無法接受，愛德華痛苦地發現，他總是好心辦壞事，連自己的愛人都不能擁抱，或許，他註定就不屬於這個世界。
96,請以你的名字呼喚我,https://movie.douban.com/subject/26799731/,故事發生在八十年代的義大利裡維艾拉，每年夏天，十七歲的少年艾力奧（提莫西·查拉梅TimothéeChalamet飾）都會跟家人一起來此地度假。今年，和他們共用假日時光的，還有來自美國的奧利弗（艾米·漢莫ArmieHammer飾），高大英俊熱情開朗的奧利弗很快就獲得了艾力奧一家人的喜愛。隨著時間的推移，艾力奧和奧利弗之間漸漸產生了致命的吸引力，但性別和年齡的桎梏讓他們遲遲無法跨出那關鍵的一步，與此同時，單純善良的少女馬奇婭（艾斯特·加賴爾EstherGarrel飾）也向艾力奧奉獻著自己的感情和身體。最終，洶湧的激情衝破了艾力奧和奧利弗之間的防線，兩人開始了一段註定不會有結果的戀情。
97,功夫,https://movie.douban.com/subject/1291543/,1940年代的上海，自小受盡欺辱的街頭混混阿星（周星馳）為了能出人頭地，可謂窺見機會的縫隙就往裡鑽，今次他盯上行動日益猖獗的黑道勢力“斧頭幫”，想借之大名成就大業。阿星假冒“斧頭幫”成員試圖在一個叫“豬籠城寨”的地方對居民敲詐，不想引來真的“斧頭幫”與“豬籠城寨”居民的恩怨。“豬籠城寨”原是藏龍臥虎之處，居民中有許多身懷絕技者（元華、梁小龍等），他們隱藏於此本是為遠離江湖恩怨，不想麻煩自動上身，躲都躲不及。而在觀戰正邪兩派的鬥爭中，阿星逐漸領悟功夫的真諦。
98,7號房的禮物,https://movie.douban.com/subject/10777687/,1997年，只有6歲兒童智商的智障男子李龍久（柳成龍飾）和可愛的女兒藝勝（葛素媛飾）相依為命，生活雖然簡單清貧，卻充滿幸福。某天，執著為女兒買美少女戰士書包的龍久意外捲入一起幼童誘拐奸殺案，而死者竟是警察局長的女兒。龍久懵懂無知，搞不清狀況，昏頭昏腦就被投入監獄。在7號牢房中，聚集著走私犯蘇楊浩（吳達洙飾）、詐騙犯崔春浩（朴元尚飾）、通姦犯姜萬范（金正泰飾）、恐嚇犯老徐（金基燦飾）和搶劫犯申奉植（鄭萬植飾）等五毒俱全的“社會渣滓”。龍久孩子般純潔的心漸漸感動了這幾個“大壞蛋”，他們甚至不惜冒險將藝勝帶入牢房與父親相會。黑暗冰冷的監牢內，7號牢房陽光滿滿……
99,勇敢的心,https://movie.douban.com/subject/1294639/,威廉•華萊士童年時，其父、蘇格蘭民族英雄馬索•華萊士在與英軍的鬥爭中犧牲，他開始接受父親好友的指導，學習蘇格蘭文化和武術。青年華萊士（梅爾•吉布森）學成回到故鄉，向美麗的少女梅倫求婚，不想梅倫被英軍搶去且遭殺害。在廣大村民“英雄之後”的呼聲中，華萊士率眾揭竿起義，並與蘇格蘭貴族羅伯結成聯盟，但不久他發現，蘇格蘭貴族考慮的只是自身的利益。英王為緩和局勢，派伊莎貝拉（蘇菲•瑪索）前去和華萊士談判，由於英王只想收買華萊士，根本不顧蘇格蘭人民的自由和平等，談判失敗，但這一切並不為伊莎貝拉所知。伊莎貝拉歸國後發現事情真相，且知曉英王正策劃陰招，忙送信給華萊士，而兩人的愛情，也在戰爭與陰謀中悄然滋生。
100,超脫,https://movie.douban.com/subject/5322596/,亨利•巴赫特（艾德里安•布洛迪AdrienBrody飾）來到社區學校擔任代課老師。學校因學生反叛、經營不善而瀕臨絕境，桃莉絲（劉玉玲飾）為首的一批教師備受煎熬。亨利的第一堂課就遭遇了頑劣學生的挑釁，但是被他巧妙地化解。他贏得了女教師薩沙（克莉絲蒂娜•亨德里克斯ChristinaHendricks）的好感。同時，他的教學方式引起了同學們的興趣，其中就包括因肥胖而苦悶的梅麗迪斯。她一直默默地承受著因體重帶來的各種責駡與嘲笑。但是因為老師，她似乎又找到了一切的理由……但是，亨利其實內心也有很大的壓力，他的爺爺處於彌留之際，他的母親自殺陰影始終在腦海中縈繞。某天夜裡，他在公車上黯然神傷，獨自流淚。這情形被一個剛受到嫖客淩辱的雛妓艾瑞卡（薩米•蓋爾SamiGayle飾）看到了。她尾隨他，希望獲得他的幫助。他起初拒絕了她的要求，後來他還是把她...
101,哈利·波特與阿茲卡班的囚徒,https://movie.douban.com/subject/1291544/,哈利（丹尼爾·雷德克裡夫）即將在霍格沃茲渡過第三個年頭，此時在阿茲塔班卻傳出惡棍小天狼星（加里·奧德曼）越獄的消息。據說小天狼星正是背叛哈利父母的好友，他的教父，而這次小天狼星越獄似乎正是為了找他。哈利的心裡悄悄的滋生了為父母報仇的想法，期待著小天狼星的出現。新來的魔法老師盧平（大衛·休裡斯）有著桀驁不馴的個性，與哈利關係很好，教了哈利許多實用的黑魔法防禦知識。而此時在他的魔法地圖上卻出現了一個神秘人物，蟲尾巴。偶然的機會下，在尖叫棚屋裡集齊了哈利父親當年的所有好友，盧平、蟲尾巴、小天狼星，哈利的魔杖直指向小天狼星，但他發現那罪犯看他的眼神裡充滿了疼愛……
102,斷背山,https://movie.douban.com/subject/1418834/,美國懷俄明州的西部，沉默寡言的農夫恩尼斯（希斯•萊傑飾）和熱情開朗的牛仔傑克（傑克•吉倫希爾飾)一道被派到山上牧羊，那裡人跡罕至，他們只有與羊群為伴，生活單調無味。一個天寒地凍的夜晚，在酒精與荷爾蒙的作用下，他們做了“不該做的事情”，也就此他們在斷背山上度過了人生中最美好的時光。季節性放牧結束，迫於世俗壓力，傑克和恩尼斯不舍地與對方分離並各自結婚生子。恩尼斯迎娶了自幼相識的阿爾瑪，並有了兩個可愛的女兒；傑克到了德州，在妻子露琳家族的扶植下事業順利，還有了個兒子。雖然彼此真心相應，他們只能每年定期約會。一邊知情的阿爾瑪痛苦無比，而他們又無法滿足一年只有幾天的團聚。這時意外發生……
103,天使愛美麗,https://movie.douban.com/subject/1292215/,艾米莉（奧黛麗·塔圖AudreyTautou飾）有著別人看來不幸的童年——父親給她做健康檢查時，發現她心跳過快，便斷定她患上心臟病，從此艾米莉與學校絕緣。隨後因為一樁意外，母親在她眼前突然死去。這一切都毫不影響艾米莉對生活的豁達樂觀。1997年，戴安娜王妃的去世讓她倍感人生的孤獨脆弱，艾米莉從此開始了一系列助人計畫，包括自閉憂鬱的鄰居老人，被老闆刻薄的菜攤夥計、遺失了童年器物的舊房東、愛情失意的咖啡店同事。但她萬萬想不到，成人錄像帶商店店員尼諾（馬修·卡索維MathieuKassovitz飾），竟成為她的棘手對象，艾米莉開始了令人哭笑不得的另類計畫……
104,入殮師,https://movie.douban.com/subject/2149806/,買了昂貴的大提琴，想要成就一番事業的小林大悟（本木雅弘飾），經歷了4個月的管弦樂演奏，得到的卻是“樂團解散”的噩耗與購買樂器的高昂債務。迫不得已，大悟與妻子美香（廣末涼子飾）搬到老屋，過著清貧的日子。某日，一則廣告吸引了大悟的注意：NK代理公司，説明旅行，高薪短工時。大悟來到NK代理公司面試，社長佐佐木生榮（山崎努飾）二話不說就決定聘用大悟，但卻對工作內容避而不談。在大悟的再三追問下，佐佐木社長終於道明：是入殮（日語NouKan）工作！雖然心理上有所忌憚，高額的薪水還是令大悟接受了這份工作。但這樣的工作對普通人談何容易，一方面對遺體的不適，一方面又要對妻友隱瞞自己的工作，小林大悟不平凡的工作就這樣開始了。
105,唐伯虎點秋香,https://movie.douban.com/subject/1306249/,唐伯虎（周星馳飾）身為江南四大才子之首，卻有道不盡的心酸。甯王想唐伯虎幫忙圖謀作反，唐伯虎只好用內功改變脈象，令眾人都相信他命不久矣。母親埋怨他不應該把功夫暴露，因為他們家族一直被當年的仇人追殺。唐伯虎在與朋友出遊時，遇到了貌若天仙的秋香並對她一見鍾情，決心要到華府當家丁以追求秋香，唐伯虎被取名華安。期間華太師遇到了甯王上門刁難，幸好有唐伯虎出面相助，並暴露了自己是唐伯虎的身份。秋香才知道華安是自己欣賞的唐伯虎。華夫人跟唐家有怨，因此二人便開始鬥法。怎料甯王跟奪命書生再次上門，華夫人不是對手，幸得唐伯虎出手，華夫人也答應把秋香許配給唐伯虎。
106,第六感,https://movie.douban.com/subject/1297630/,麥克（布魯斯·威利斯飾）是著名兒童心理學家，卻也有始終未能治癒的患者，甚至因此遭到槍擊，這名少年隨後也飲槍自斃。這給麥克帶來很大心理陰影，一年後他找到另一個症狀很像這名患者的男孩柯爾（海利·喬·奧斯蒙飾），並耐心的做起了他的醫生。柯爾並不容易接近，但麥克還是慢慢贏得了他的信任，得知了柯爾的秘密。原來柯爾有著靈異的第六感，可以看到鬼魂。雖然這令人感到難以置信，但麥克在證實了事情的真相後還是幫助柯爾接受了這個事實。可是就在問題即將得到解決的時候，麥克卻在柯爾的引導下，發現了一個更令人震驚的秘密……
107,幽靈公主,https://movie.douban.com/subject/1297359/,為了拯救危難中的村民，阿斯達卡的右手中了凶煞神的詛咒。達卡只好離開親人往西方流浪以尋找解除詛咒的方法。旅途中他遇到了由幻姬大人帶領的窮苦村民在麒麟獸的森林裡開採鐵礦，提煉礦石。白狼神莫娜和她養大的人類女孩“幽靈公主”桑對幻姬恨之入骨，因為她們覺得幻姬帶領眾人破壞了森林。想幫助人類的阿斯達卡被桑深深吸引，他理解她，但為了幫助窮人又不得不和她作戰。一次戰鬥中，阿斯達卡被麒麟獸所救，他的立場更加搖擺不定。這時，以疙瘩和尚為首的一群人來殺麒麟獸，幻姬以火槍擊斃了麒麟，麒麟的頭被疙瘩和尚搶走。憤怒的麒麟的靈魂為奪回自己的頭，大肆破壞著森林。阿斯達卡和桑聯手決定幫麒麟奪回頭顱。
108,重慶森林,https://movie.douban.com/subject/1291999/,編號為223的員警（金城武）失戀後患上失戀綜合症，在與金髮女殺手（林青霞）擦肩而過又離奇相遇並有了一晚溫情後，原本以為包括“愛情”在內的所有東西都有保質期的他意外地迎來心靈的短暫溫暖。可是，他們的愛情還是結束了。速食店新來的女招待阿菲（王菲）愛上了時常光顧速食店的編號為663的員警（梁朝偉），因拆了他的女友（周嘉玲）留在速食店給他的“分手”信，阿菲知曉了他的心情，偷拿到他的鑰匙趁他不在時常潛入他家，一邊夢遊一邊悄悄地改變他的生活，終在被他撞見時令其感受到情感的回歸。然而，這才是他們愛情的開始。
109,小森林 夏秋篇,https://movie.douban.com/subject/25814705/,平凡女孩市子（橋本愛飾）自幼生長在位於日本東北地區的村莊小森。這裡遠離都市的喧囂和浮躁，為青山綠水所環繞，儼然一個幽靜怡然的世外桃源。村民們日出而作，日落而息，依靠一雙勤勞的雙手經營渺小卻舒適的生活，與世無爭。市子曾經前往東京闖蕩，只不過她終究無法適應都市快節奏的步伐，最終回到了媽媽早已不在的老宅。童年時媽媽福子利用山川田野各種食材做出胡亂命名的美食，實心眼的市子在感歎受騙之餘，也將美好的回憶留在了味蕾深處。仿佛遵循著母親的步伐，她將對故鄉的熱愛融入了美食的烹製中。在朋友佑太（三浦貴大飾）和吉子（松岡茉優飾）的環繞下，享受著無憂無慮的人生……本片根據五十嵐大介的漫畫改編。
110,陽光燦爛的日子,https://movie.douban.com/subject/1291875/,20世紀70年代初的北京，忙著“鬧革命”大人無空理會小孩，加上學校停課無事可做，以軍隊大院男孩為突出代表的少年人便自找樂子，靠起哄、打架、鬧事、拍婆子等方式揮霍過量的荷爾蒙。馬小軍（夏雨飾）就是這樣的少年，他的嗜好之一是趁別人家無人用萬能鑰匙將其鎖打開，溜進去耍玩一番，正是用這樣的方式，少女米蘭（寧靜飾）的照片先於其人入了馬小軍的雙眼。通過院裡的“頭兒”劉憶苦（耿樂飾），馬小軍又見到之前在炮局偶然瞥見過一眼的米蘭，開始正式將其當作夢中情人，然而在米蘭眼中，馬小軍不過是毛孩一個，她中意的人是成熟、穩重、帥氣的劉憶苦。自此，馬小軍迎來五味混雜的青春期生活。本片改編自王朔短篇小說《動物兇猛》。夏雨憑此片獲得第51屆威尼斯國際電影節最佳男演員（銀獅獎）。
111,愛在黎明破曉前,https://movie.douban.com/subject/1296339/,美國青年傑西（伊桑·霍克EthanHawke飾）在火車上偶遇了法國女學生塞琳娜（朱莉·德爾佩JulieDelpy飾），兩人在火車上交談甚歡。當火車到達維也納時，傑西盛情邀請塞琳娜一起在維也納遊覽一番，即使傑西翌日便要坐飛機離開。與傑西一見鍾情的塞琳娜接受了傑西的邀請。他們一邊遊覽城市，一邊談論著彼此的過去，彼此對生活的感想，兩人瞭解越加深刻。他們非常珍惜這美妙的晚上，這對戀人一起經歷了很多浪漫的經歷因為他們約定在半年後再見，而此次約會將會在日出之間結束……
112,一一,https://movie.douban.com/subject/1292434/,NJ（吳念真）是個很有原則的生意人，同妻子敏敏（金燕玲）、女兒婷婷（李凱莉）、兒子洋洋（張楊洋）以及外婆住在臺北某所普通公寓裡。小舅子的一場麻煩婚禮過後，因為外婆突然中風昏迷，他迎來更加混亂的日子。敏敏公司、家裡兩頭跑，時常感覺自己要被耗空；婷婷一直為外婆的中風內疚，戀愛談到中途發現自己不過是替代品；NJ更是麻煩重重，公司面臨破產，他又不願放下別人眼裡一文不值的自尊。一家人裡，似乎只有洋洋沒有煩惱，他平靜地用照相機拍著各種人的背面，幫他們長出另一雙眼睛，然而，洋洋簡簡單單的一句話，道出更深的悲涼。
113,蝙蝠俠：黑暗騎士崛起,https://movie.douban.com/subject/3395373/,檢察官哈威·登特（艾倫·艾克哈特AaronEckhart飾）死後的八年間，哥譚市在戈登警長（加里·奧德曼GaryOldman飾）的努力下有效地遏制了犯罪活動。而蝙蝠俠布魯斯·韋恩（克利斯蒂安·貝爾ChristianBale飾）因為背負謀殺登特的罪名，被警方通緝，在哥譚市銷聲匿跡。然而，這看似平靜的狀態被恐怖分子貝恩（湯姆·哈迪TomHardy飾）的出現打破，他利用貓女（安妮·海瑟薇AnneHathaway飾）偷取布魯斯的指紋，致使韋恩集團面臨破財，布魯斯被趕出董事會。為了保證韋恩集團投資的能源專案不被壞人利用製造核彈，布魯斯説明米蘭達（瑪麗昂·歌迪亞MarionCotillard飾）成為董事會主席。貝恩接下來一連串精密設計的計畫將哥譚市陷入孤絕之境，毀滅之日指日可待。布魯斯只能再次肩負起拯救哥譚的重任，然而至親的...
114,菊次郎的夏天,https://movie.douban.com/subject/1293359/,暑假到來，自幼喪父的小學三年級學生正男（關口雄介飾），如今和奶奶生活在一起，暑假特別無聊。他拿出母親從外地寄回的信，準備自己一個人去愛知縣豐橋市看望母親。鄰居阿姨（岸本加世子飾）發現後，決定幫正男完成心願。她拿出一筆錢做為旅費，還安排遊手好閒的老公菊次郎（北野武飾）陪伴正男一起踏上尋母之途。可是在第一天，菊次郎就把老婆給的錢全部輸光，於是兩個人只好步行前往愛知。一路搭順風車，惹了不少麻煩後，菊次郎終於帶著正男到了他母親的家，但小男孩卻十分沮喪。歸途中，菊次郎努力安慰他，二人過得十分愉快，夏天就這麼過去了。
115,哈利·波特與密室,https://movie.douban.com/subject/1296996/,哈利波特（丹尼爾•雷德克裡夫DanielRadcliffe飾）結束了假期，即將回到霍格沃茲繼續學習魔法。一個叫多比的家養小精靈警告哈利不要回到霍格沃茲，否則會陷入極大的危險。哈利沒有聽從多比的勸告，回到了霍格沃茲。很快，霍格沃茲發生了一連竄怪事:接二連三出現學生被石化，一直找不出原因。而哈利總能聽到一種奇怪的聲音，從牆壁裡傳出來。傳說，霍格沃茲有一個密室，裡面記錄著伏地魔年輕時的秘密，只有斯萊特林的人才能打開密室。哈利偶然發現自己能聽懂蛇說話，一時傳聞是哈利打開了密室。難道多比所指的危險就隱藏在密室？
116,超能陸戰隊,https://movie.douban.com/subject/11026735/,未來世界的超級都市舊京山（SanFransokyo），熱愛發明創造的天才少年小宏，在哥哥泰迪的鼓勵下參加了羅伯特·卡拉漢教授主持的理工學院機器人專業的入學大賽。他憑藉神奇的微型磁力機器人贏得觀眾、參賽者以及考官的一致好評，誰知突如其來的災難卻將小宏的夢想和人生毀於一旦。大火燒毀了展示會場，而哥哥為了救出受困的卡拉漢教授命喪火場。身心飽受創傷的小宏閉門不出，哥哥生前留下的治療型機器人大白則成為安慰他的唯一夥伴。原以為微型機器人也毀于火災，誰知小宏和大白竟意外發現有人在某座廢棄工廠內大批量地生產他的發明。稍後哥哥的朋友們弗雷德等人也加入進來，他們穿上小宏發明的超級戰士戰鬥裝備，和懷有險惡陰謀的神秘對手展開較量……
117,消失的愛人,https://movie.douban.com/subject/21318488/,結婚五周年紀念日的早上，尼克·鄧恩（本·阿弗萊克BenAffleck飾）來到妹妹瑪戈（凱莉·庫恩CarrieCoon飾）的酒吧，咒駡抱怨那個曾經彼此恩愛纏綿的妻子艾米（羅莎蒙德·派克RosamundPike飾）以及全然看不見希望的婚姻。當他返回家中時，卻發現客廳留下了暴行的痕跡，而妻子竟不見了蹤影。女探員朗達·邦妮（金·迪肯斯KimDickens飾）接到報案後趕來調查，而現場留下的種種蛛絲馬跡似乎昭示著這並非是一件尋常的失蹤案，其背後或許隱藏著裂變于夫妻之情的謀殺罪行。艾米的失蹤通過媒體大肆渲染和妄加揣測很快聞名全國，品行不端的尼克被推上風口浪尖，至今不見蹤影的愛人對他進行無情審判，你儂我儂的甜言蜜語早已化作以血洗血的復仇與折磨……本片根據吉莉安·弗琳（GillianFlynn）的同名小說改編。
118,無人知曉,https://movie.douban.com/subject/1292337/,新搬來的公寓這家人是母親惠子（You飾）帶著四個孩子：明（柳樂優彌飾）、京子、茂、雪。但母親卻得對周圍的人們撒謊說丈夫去海外工作，自己與長子兩個人在一起生活。事實是其它三名弟妹是“黑孩子”，因為四個孩子有著各自不同的父親。他們一直呆在家中，沒有去學校上學。在母親去百貨商店工作時，年紀尚小的明就在家中代替母親行使家長的職責。突然有一天母親不見了，她把手中僅有的20萬日元現金和一張短短的便條留給了孩子們，把弟妹託付給明看管後，就悄然地離家出走。無親無故，對外面幾乎一無所知的四個孩子們，要開始面對新的生活，那實在不是件容易的事情……
119,完美的世界,https://movie.douban.com/subject/1300992/,單親孩子菲力浦·佩里（T·J·勞瑟T.J.Lowther飾）的母親對他管教甚嚴，8歲的小菲力浦甚至從未參加過一次鬼節討糖果的遊戲。附近州監獄的兩名罪犯越獄成功，劫持了菲力浦作為人質，向德州邊界逃竄。途中，罪犯之一的布奇（凱文·科斯特納KevinCostner飾）幹掉了魯莽愚蠢的同夥，卻對小菲力浦照顧有加。與此同時，德州警探瑞德（克林特·伊斯特伍德ClintEastwood飾）帶著手下和州長特派的犯罪專家薩利（蘿拉·鄧恩LauraDern飾）一同火速追捕布奇。雙方在德克薩斯州境內展開了一場公路賽大競技；而小菲力浦也經歷了很多從未想過過的刺激與快樂，並與布奇產生了一種近似父子的不尋常感情……
120,小森林 冬春篇,https://movie.douban.com/subject/25814707/,於無法融入喧囂吵鬧的大城市，平凡女孩市子（橋本愛飾）選擇回到自幼生長的老家——位於日本東北地區的小森村。這裡沒有過多時尚文明的色彩，當地人過著日出而作日落而息的傳統生活，他們靠天吃飯，靠著雙手經營人生。生活雖不富裕，心中則是滿滿的充實和歡喜。受媽媽（桐島かれん飾）影響，市子似乎對親手製作各種美味而廉價的料理有著格外濃厚的興趣。媽媽失蹤已經很久，對料理的回憶與再現成為母女間別具特色的交流方式。更何況還有取自大自然的各種食材，又怎能暴殄天物浪費了大好的韶光？在好友紀子（松岡茉優飾）和裕太（三浦貴大飾）的陪伴下，市子靜靜地走過了春夏秋冬……本片根據漫畫家五十嵐大介的原作改編。
121,倩女幽魂,https://movie.douban.com/subject/1297447/,書生甯采臣（張國榮飾）收賬不成，無處可歸，遂夜宿鬼寺蘭若寺，遇上俠士燕赤霞（午馬飾），二人成為鄰居。一日偶遇豔女小倩（王祖賢飾），二人兩情相悅，但小倩乃是被樹妖姥姥控制的鬼魂，專門迷惑精壯男子代姥姥吸取陽氣。小倩見寧采臣心地善良不忍加害，並與他感情逐漸加深。寧采臣欲救小倩脫離姥姥魔掌，但苦於姥姥功力深厚，小倩無法脫離其魔掌。二人遂向燕赤霞求救......
122,愛在日落黃昏時,https://movie.douban.com/subject/1291990/,九年前，傑西（伊桑·霍克EthanHawke飾）與席琳（朱莉·德爾佩JulieDelpy飾）在火車上不期而遇，怦然心動。在維也納渡過瘋狂而又浪漫的一夜後，他們在日出前分手，並相約在維也納重逢。九年之後，傑西已成為暢銷書作家，而席琳則是法國環保組織成員。傑西在新書裡娓娓道來的，正是九年前的浪漫夜晚。在巴黎促銷新書時，傑西與席琳在書店相遇，然而他們只有一下午的時光相處，日落之前，傑西要乘飛機趕回美國。兩人在午後的巴黎街頭散步，在美麗的護城河上泛舟，無所不談，興致勃勃。可是就像命運的捉弄，快樂的時光像煙花一樣醉人卻短暫。傑西對席琳一送再送，難以忘情；席琳用吉他和歌聲，懷念著內心深處的愛戀。太陽就快落下去了，傑西就要誤了飛機，又或許他更不想錯過的，是命裡註定的緣分。
123,側耳傾聽,https://movie.douban.com/subject/1297052/,正在讀初三的月島雯是一個喜歡看書的女孩，她每次都能在借書卡上看到一個叫天澤聖司名字，因此她對這個人充滿了好奇。雯一直喜歡寫詩，有一天她跟好友夕子在討論寫詩的事，夕子告訴雯自己收到了情書，但事實上夕子已有了喜歡的人。更沒有想到的是，夕子喜歡的杉村喜歡的是雯，雯一時間感到十分困惑。雯無意中來到了一個小店，原來店主是聖司的爺爺。認識了聖司之後，聽到了聖司對自己理想的追求之後，也激發了雯對自己理想的追求之念。當聖司離開了到義大利學習做小提琴時，雯決定要專心寫作。當雯完成了作品之後，她發現原來自己高估了自己，就這樣她選擇繼續考高中，這時她非常想念聖司。一天淩晨，她站到窗邊，突然看到了一個熟悉的身影……
124,借東西的小人阿莉埃蒂,https://movie.douban.com/subject/4202302/,雖然患有心臟方面的疾病，但是少年翔（神木隆之介配音）的父母依然對他疏於呵護。為了準備即將到來的手術，翔來到了位於偏遠鄉間的姨婆（竹下景子配音）家靜養。姨婆家位於一片幽靜的叢林中，這是一幢有著上百年歷史的歐式別墅。這裡除了生活著姨婆和女傭阿春（樹木希林配音）外，還有一個奇特的三口之家，“借東西一族”——小人阿莉埃蒂（志田未來配音）和她的爸爸（三浦友和配音）媽媽（大竹忍配音），他們生活在別墅的地板下，只有幾公分高，過著不為人類察覺的生活。遇到所需的日常用品時，便會在夜深人靜之時偷偷潛入廚房借出來。翔無意中瞥見阿莉埃蒂的身影，他有心接近這些傳說中的小人，卻不知不覺打擾了他們的生活……本片根據英國作家瑪麗·諾頓的原著《借東西的小人》改編，並榮獲2011年日本電影學院獎最佳動畫片獎。
125,甜蜜蜜,https://movie.douban.com/subject/1305164/,改革開放初期，黎小軍（黎明飾）告別女友小婷（楊恭如飾）從天津（國語版中為無錫）來到香港討生活，期望有天掙到大錢把小婷接來與之風風光光地成婚，沒料想日子會比想像中的難熬許多。黎小軍在速食店與同樣從大陸到港討生活但避諱談自己身份的李翹（張曼玉飾）結識後，因為共同喜愛鄧麗君，兩人人在異鄉的孤獨都有了某種程度的緩解，並在交往的過程中生出了真愛，可是世事難料，兩人最終無奈分手，黎小軍成了小婷的老公，李翹跟了在黑社會做事的豹哥（曾志偉飾）。然而因為鄧麗君，兩人的緣分並沒到此為止。
126,螢火之森,https://movie.douban.com/subject/5989818/,某年夏天，6歲小女孩竹川螢來到爺爺家度假，她闖進了傳說住滿妖怪的山神森林。正當她因為迷路而焦急萬分的時候，一個戴著狐狸面具的大男孩出現在她面前，並引領著螢找到回家的路。雖然螢分外感激，可是男孩卻禁止她碰觸自己的身體，原來這名叫銀的男孩並非人類，他一旦被人類碰觸就會煙消雲散。在此後的日子裡，螢和銀成為好朋友，他們走遍了森林的每一個角落玩耍。日復一日，年復一年，每到夏天的時候螢就會如約來到森林和好朋友見面。她遵守著和銀的約定，無論如何也不碰觸銀的身體。隨著年齡的增長，螢和銀對彼此的情感都悄悄發生了變化，他們共同期待相聚的日子，共同期待擁抱對方……本片根據綠川幸的原作改編。
127,馴龍高手,https://movie.douban.com/subject/2353023/,維京島國的少年小嗝嗝（傑伊•巴魯切爾JayBaruchel配音）是部落統領偉大的斯托裡克（傑拉德·巴特勒GerardButler配音）的兒子，他非常想像自己的父親一樣親手屠龍——這些飛龍是島上維京人放牧羊群的主要天敵——但他每次出現在部落屠龍的戰鬥中都只給大家徒增煩惱。在一次對抗飛龍的戰鬥中，希卡普偷偷用射龍器擊傷了一隻最神秘的“夜之怒龍”，並背著族人放生、豢養，甚至馴服了這只龍，還給它起名“無牙”。希卡普的神秘行徑引起了一同訓練屠龍技巧的女孩阿斯特麗德（亞美莉卡·費雷拉AmericaFerrera配音）的懷疑。阿斯特麗德發現了希卡普的秘密，卻同時被身騎“無牙”禦風而飛的美妙體驗所震撼。格雷決定在屠龍成人禮上向遠征歸來的斯托裡克和族人講明真相，說服大家放棄屠龍，卻偏偏弄巧成拙，害得“無牙”被俘，一場更大的災難就在眼前……
128,幸福終點站,https://movie.douban.com/subject/1292274/,為了完成父親的心願，維克多（湯姆•漢克斯TomHanks飾）從故國乘坐飛機前往美國甘迺迪機場，但戲劇性的事情發生了：他被告知祖國發生政變，而他的身份證護照一一失效，同時他的簽證也無法再使用。進退兩難的維克多只有在機場滯留，等待新證件的辦理。但是，他在機場等待了整整9個月。在這9個月裡面，他用機場的洗手間洗漱，在候機室睡覺，他已經學懂因地制宜，在機場照料自己的生活，甚至還找了一份建築工地工作。然而維克多的邋遢晦氣卻招來了機場負責人弗蘭克（史坦利•圖齊StanleyTucci飾）的不滿，而恐怕更令他氣憤妒忌的是，美麗的空姐艾米利亞（凱薩琳•澤塔-鐘斯CatherineZeta-Jones飾）竟然愛上了維克多。處在甜蜜中的維克多，也在慢慢觀察機場的人生百態，自得其樂。
129,瑪麗和馬克思,https://movie.douban.com/subject/3072124/,1976年，8歲的瑪麗·黛西·丁格爾（貝絲妮·惠特摩爾BethanyWhitmore配音）是澳大利亞墨爾本的一個小女孩，喜歡動畫片“諾布利特”、甜煉乳和巧克力。瑪麗的媽媽是個酒鬼，而在茶葉包裝廠工作的父親平日只喜歡製作鳥標本。孤獨的瑪麗沒有朋友，某一天心血來潮給美國紐約市的馬克思·傑瑞·霍羅威茨（菲力浦·塞默·霍夫曼PhilipSeymourHoffman配音）寫了一封信詢問美國小孩從哪裡來，並附上一根櫻桃巧克力棒。44歲的馬克思患有自閉症及肥胖，碰巧也喜歡看“諾布利特”動畫片及吃巧克力。二人的筆友關係從1976年維持到1994年，期間各自經歷了許多人生起伏，直到成年的瑪麗（托妮·科萊特ToniCollette配音）終於來到紐約看望馬克思……本片獲2009年法國昂錫國際動畫影展最佳動畫長片獎，柏林國際電影節水晶熊獎及渥太華國際動...
130,時空戀旅人,https://movie.douban.com/subject/10577869/,Tim（多姆納爾·格利森DomhnallGleeson飾）21歲了，他的老爸（比爾·奈伊BillNighy飾）告訴他，他們家族的男人都有時光旅行的超能力，可以回到過去。於是Tim將信就疑地試了一下，回到了夏天，在那裡他試圖改變和暗戀物件的關係，卻發現怎麼穿越時空都不能讓不愛你的人愛上你。之後Tim來到了倫敦，成為了一個律師。他愛上了一個漂亮的姑娘Mary（瑞秋·麥克亞當斯RachelMcAdams飾），他通過幾次時空旅行，努力地想成為Mary的男朋友。再後來，他又試圖通過時光旅行，去挽回一場失敗的話劇，去改善妹妹的生活，去更好地和親人、朋友相處，度過生命中的每一天。
131,怪獸電力公司,https://movie.douban.com/subject/1291579/,我們不知道，在那樣的世界裡住著那樣一群怪物。他們長相滑稽，卻必須裝作猙獰。因為，在夜深的時候，他們要悄悄的出現在孩子的衣櫥裡，嚇唬剛剛甜美睡去的寶寶。一切，只因為他們是怪物電力公司的員工，而孩子的尖叫，則是怪物王國發電的全部能量。怪物們害怕孩子，卻又必須讓孩子尖叫。在怪物的國度裡，他們都是為全民造福的英雄。毛怪蘇利文（約翰•古德曼）是怪物公司最出色的員工，業績總是搖搖領先，他嚇哭的小孩兒不計其數。他與搭檔大眼怪麥克（比利•克裡斯托）很受大家的愛戴。一次偶然，毛怪不小心把一個兩歲的小女孩阿布（瑪麗•吉布斯）帶回了怪物世界，引起了極大的恐慌，調皮可愛的阿布把這些可怕的怪物嚇的人仰馬翻。警方在追捕阿布，而壞蛋亨利（詹姆斯•柯博）也計畫利用阿布進行他改革工廠的邪惡計畫。另一方面，在與阿布相處的過程中，毛怪漸漸對她產生莫名的情愫，甚至因此被放逐野外。可是一...
132,大魚,https://movie.douban.com/subject/1291545/,愛德華（伊萬·麥克葛列格EwanMcGregor飾）生性熱愛自由，成年之後，他選擇離開家鄉，踏上了環遊世界的旅程。一路上，愛德華遇見了各種各樣稀奇古怪的角色，經歷了無數精彩絕倫的的冒險，而他日後最大的興趣，就是向他人喋喋不休的重複講述他的這一段奇幻旅程。威爾（比利·克魯德普BillyCrudup飾）是愛德華的兒子，他並不相信父親所講述的那些光怪陸離的故事，甚至對此感到無比厭煩。婚後，他同父親中斷了聯繫，一晃眼就是數年過去。當再次得到愛德華的消息之時，威爾才知道父親即將不久于人世，他決定去見愛德華最後一面。然而，這一次，威爾終於發現了隱藏在這些故事背後的奧秘和真相。
133,告白,https://movie.douban.com/subject/4268598/,一所平凡的中學，1年B組即將迎來春假。不知天高地厚的學生們肆意吵鬧，殊不知一場綿亙數月的風暴正向他們襲來。級任教師森口悠子（松隆子飾）全然無視這片混亂，靜靜地向學生們做出最後的告白。這個單親媽媽獨自撫養著可愛的女兒（蘆田愛菜飾），然而女兒最終在游泳池中溺水身亡。員警認定這是一起意外，森口則認定女兒死于班上兩個學生之手。她不動聲色地指責著犯人A和B，並宣佈用自己的方式進行復仇。在此之後，森口辭去教師職務，1年B班的學生也心懷惴惴迎來了春假。新學期開始，殘酷的風暴襲向了這群無知無畏的少男少女……本片根據湊かなえ的原作改編，並成為2010年電影旬報十佳影片；第34屆日本電影學院獎最佳作品、最佳導演、最佳劇本和最佳剪輯4項大獎。
134,陽光姐妹淘,https://movie.douban.com/subject/4917726/,25年前，高中生任娜美（沈恩京飾）一家從全羅道搬到漢城，娜美入讀真德女子高中，因方言濃重怯於開口的娜美幸運的得到了同班大姐頭夏春花（姜索拉飾）的維護，並與圍繞在夏春花周圍的執著于雙眼皮的金玫瑰、滿嘴髒話的黃珍熙、夢想成為作家的徐金玉、要成為韓國小姐的俞福姬以及沉默傲慢的美人鄭秀智等五人結識。在一次和不良少女團對決之後，春花和娜美等七人組成了“Sunny”團體……多年以後，家庭主婦娜美在去醫院探望母親時偶然重逢了身患絕症住院的春花，後者希望在生命的最後兩個月內，能夠再見當年的Sunny成員。娜美找到金玫瑰，兩人委託私家偵探尋找當年的同伴，而那些關於青春的回憶，也在一個個熟悉的名姓後面再次被喚醒。
135,射雕英雄傳之東成西就,https://movie.douban.com/subject/1316510/,金輪國王妃（葉玉卿飾）與表哥歐陽鋒（梁朝偉飾）有染，為霸佔江山，他們毒死了國王，但沒找到傳國玉璽。得知玉璽在前往九宮山找尋其師父求助的三公主（林青霞飾）手裡後，歐陽鋒企圖搶到手但沒成功。糊塗國師（張曼玉飾）在淫威下屈服，查出三公主的具體下落，歐陽鋒乘火箭金靴追趕，卻誤脫落一隻插死剛出關的王重陽（鐘鎮濤飾），奄奄一息的王重陽懇求適逢路過的三公主找到其師弟周伯通（劉嘉玲飾）代為報仇。逃到九宮山的三公主邀得師弟黃藥師（張國榮飾）與師妹（王祖賢飾）相助，再加上前來尋找表妹的洪七（張學友飾）、找到真心人才能成仙的段智興（梁家輝飾），一場與歐陽鋒的生死惡戰蓄勢待發……
136,神偷奶爸,https://movie.douban.com/subject/3287562/,超級壞蛋格魯（史蒂夫·卡瑞爾SteveCarell配音）在聽說埃及金字塔被盜的新聞後不滿市面上新賊輩出，決定在納法利歐博士（拉塞爾·布蘭德RussellBrand配音）的幫助下建造火箭升空盜取月亮。在向壞蛋銀行貸款的過程中，格魯盜取的收縮射線槍被新賊維克托（傑森·席格爾JasonSegel配音）搶走。為了奪回收縮射線槍，格魯決定領養三位孤兒——瑪戈（米蘭達·卡斯格拉夫MirandaCosgrove配音）、伊蒂絲（達娜·蓋伊DanaGaier配音）和阿格蕾絲（埃爾希·費舍ElsieFisher配音），利用她們進入維克托的城堡兜售餅乾的機會實施偷盜，計畫成功後再偷偷處理掉三個小孩。然而在平凡的日常相處中，格魯卻發現自己越來越離不開這三個小鬼，但這樣的感情用事卻將嚴重影響周密的盜月計畫……
137,教父3,https://movie.douban.com/subject/1294240/,轉眼間已經是1979年，第二代教父麥克•柯里昂（阿爾•帕西諾飾）到了垂暮之年，為了靈魂的救贖，麥克慢慢結束家族的黑道事業，轉投正當生意。麥克的兒子托尼酷愛藝術，無意接手家族事業，邁克爾決定讓大哥遜尼的私生子，火爆好色的文森（安迪•加西亞飾）繼承家業，當第三代教父。麥克的愛女瑪麗（索菲婭•科波拉飾）和文森相戀，遭到父親的反對，父女漸漸疏遠。為了使家族資產合法化，麥克通過在梵蒂岡教廷的關係網，準備投資“屹立”集團，卻遭到敵人的暗中阻撓，教皇的去世也讓事情更加撲朔迷離。麥克無奈之下，只能重新選擇用暴力解決問題，他的親人也被捲入了這場血雨腥風。
138,傲慢與偏見,https://movie.douban.com/subject/1418200/,根據簡·奧斯丁同名小說改編。伊莉莎白·班納特(凱拉·奈特麗飾)出身于小地主家庭，有四個姐妹，母親班納特太太整天操心著為女兒物色稱心如意的丈夫。新來的鄰居賓格來先生和他的朋友達西（馬修·麥克菲迪恩飾）打破了她們一家人單調的鄉村生活。賓格來和伊莉莎白的姐姐簡·班納特互生情愫；達西對善良聰明的伊莉莎白產生了好感，而伊莉莎白卻對達西不可一世的傲慢心存偏見，不接受他的感情。然而，世事難料，賓格來和簡·班納特因為誤會，關係危在旦夕；達西的種種作為，展示了性格中和伊莉莎白相同的善良一面，逐漸贏得了伊莉莎白的好感。兩對有情人能否終成眷屬？班納特姐妹們能否得到自己想要的生活？簡·奧斯丁筆下十九世紀初英國鄉村生活和社會風貌，重新展現在大銀幕上。
139,玩具總動員3,https://movie.douban.com/subject/1858711/,距上一次的冒險已經過去11個年頭，轉眼間安迪（約翰·莫里斯JohnMorris配音）變成了17歲的陽光男孩。這年夏天，安迪即將開始大學生活，他必須將自己的房間收拾整齊留給妹妹。此前，伍迪（湯姆·漢克斯TomHanks配音）與巴斯光年（蒂姆·艾倫TimAllen配音）等玩具一直期待安迪再和他們玩耍，但是隨著歲月的流逝，他們被冷落在箱子裡很久了。安迪十分珍惜這些童年的玩伴，於是準備將他們收在閣樓。誰曾想，媽媽卻把玩具們當作廢物扔到街道上。玩具們誤解了安迪，於是憤然出走，寧可被捐贈到陽光之家幼稚園。伍迪盡力勸解大家，卻收效甚微，只得獨自黯然離開。巴斯光年他們原本以為將重新回到往昔的快樂時光，不料卻陷入一場陰謀之中……
140,釜山行,https://movie.douban.com/subject/25986180/,證券公司基金管理人石宇（孔侑飾）光鮮精幹，卻也是個重利輕義之徒。妻子為此與之決裂，女兒秀安（金秀安飾）則對如此自私的父親越來越失望，決定前往釜山和母親生活。在秀安生日這天，石宇抽出時間陪伴女兒登上開往釜山的特快列車。而與此同時，城市四處出現了極為可疑的暴動事件。政府極力洗白無法掩蓋喪屍肆虐的事實，即便懵然無知的列車乘客也因為不速之客的到來而墮入恐慌絕望的地獄中。開車的刹那，一名感染者沖入車廂，而她很快屍變並對目光所及之處的健康人展開血腥屠殺。未過多久，喪屍便呈幾何數爆發性地增長。石宇被迫和倖存者的乘客們在逼仄的空間中奮力求生。通往釜山的遙遙旅途佈滿殺機，危難時刻每個倖存者的人性也承受巨大的考驗……
141,恐怖直播,https://movie.douban.com/subject/21360417/,韓國首爾某個平凡的早上，廣播電臺DailyTopic節目的主持人尹英華（河正宇飾）正就稅率改革與聽眾進行連線，這時一個自稱住在首爾昌信洞的普通工人朴魯圭打入電話，大肆抱怨超高的電費和相關部門對他的威脅。尹英華頗不耐煩，以偏離主題為由強行切斷電話。誰知連線無法單方面由電臺方面中斷，憤怒的朴魯圭繼續抱怨，並揚言炸掉漢江大橋。尹英華不以為然，進而慫恿對方想做就做，誰知話音剛落，窗外的麻浦大橋便炸作廢墟。大驚失色的尹英華很快冷靜下來，他決定利用這次難得的機會打一次事業的翻身仗。在他的主持下，針對恐怖分子的連線直播就此展開，無關良知的節目拉開帷幕……
142,一個叫歐維的男人決定去死,https://movie.douban.com/subject/26628357/,歐維（羅夫·拉斯加德RolfLassgård飾）是一個刻板而又固執的老頭，他的妻子半年前死於疾病，留他一人生活在這個混亂不堪的世界之中。每天早晨，歐維都會定時在社區裡進行巡視，確認所有的車輛都停在應停的位置，呵斥違反規定私自駛入社區的車輛，趕走四處亂轉破壞環境的貓狗，在社區居民眼裡，歐維是“來自地獄的惡鄰”，可每個人都明白，這其實是歐維對於社區愛之深刻的表現。某一日，歐維遭到了上司的解雇，離開了恪守了幾十年的工作崗位，心灰意冷對現世了無牽掛的歐維決定自殺。然而，就在這個節骨眼上，一位名為帕維娜（巴哈·帕斯BaharPars飾）的女子和丈夫帶著兩個孩子搬到了歐維的隔壁，成為了歐維自殺計畫的絆腳石。
143,哪吒鬧海,https://movie.douban.com/subject/1307315/,商末時期，陳塘關總兵李靖的夫人懷胎3年6個月，最終生下一個肉球，肉球中跳出一個伶俐可愛的男孩。李靖原當他是妖孽欲殺之而後快，幸太乙真人前來收之為徒，賜名哪吒，並賜以乾坤圈和混天綾兩件寶貝。某年，天下大旱，甘露未降。哪吒和家將到東海洗澡玩耍。他用混天綾攪動海水，撼動龍宮，惹出巡海夜叉李艮和龍王三太子敖丙。幾番言語不和，哪吒殺此二人，由此闖下通天大禍。四海龍王齊聚陳塘關索命，為救一方百姓，哪吒決定交出生命……本片根據《封神演義》故事改編，並榮獲1980年電影百花獎最佳美術片獎；文化部1979年優秀影片獎、青年優秀創作獎；1983年菲律賓馬尼拉國際電影節特別獎；1988年法國布林波拉斯文化俱樂部青年國際動畫電影節評委獎和寬銀幕長動畫片獎。
144,被解救的姜戈,https://movie.douban.com/subject/6307447/,1858年，美國南北戰爭前兩年。德國賞金獵人金·舒爾茨（克里斯多夫·瓦爾茲ChristophWaltz飾）從販奴商人手中買下黑奴姜戈（傑米·福克斯JamieFoxx飾），讓其重獲自由。舒爾茨實則是要把姜戈培養成無法無天的賞金獵人，為其緝拿各種通緝犯以換取報酬。姜戈的唯一條件是：從暴虐的糖果莊園主喀爾文·坎迪（萊昂納多·迪卡普里奧LeonardoDiCaprio飾）手中解救出自己的妻子布魯姆希爾達（凱麗·華盛頓KerryWashington飾）。本片是昆汀向1966年由塞吉奧·考布西執導的經典義大利西部片《迪亞戈》的致敬之作。鬼才導演痞子昆丁三年磨一劍，繼《無恥混蛋》後又一巨制力作。本片延續昆汀一貫低調奢華的風格，處處可見奇思妙想的幽默元素和血腥野性的動作場面，更有強檔群戲，豪華卡司，可謂看點十足。《被解放的姜戈》榮獲第85屆奧斯...
145,未麻的部屋,https://movie.douban.com/subject/1395091/,當紅三人少女偶像團體CharmingBird面臨解散，核心成員霧越未麻在事務所的安排下不得不退出團體，轉型成為一名電視劇演員。萬事開頭難，對於偶像歌手轉型而來的未麻尤其如此，她在工作中承受著壓力，悶悶不樂。與此同時，各種恐嚇信不斷、經紀人田所先生遇襲以及以自己的口吻在網站上寫日記的神秘人都讓未麻焦慮不已，恍惚間她甚至看到另一個自己。未麻的苦惱無人知曉，貪婪的田所甚至同意劇組的劇本，要求未麻出演一場尺度極大的強暴戲。這次演出成為未麻演藝事業的轉捩點，她的出鏡率開始攀升，甚至還拍攝了裸露的寫真。與此相對，電視劇編劇澀谷和曾給未麻拍下裸照攝影師村野接連遇害。未麻的生活變得混亂不堪，真相究竟如何？本片榮獲1997年亞洲奇幻電影節最佳亞洲影片。
146,血戰鋼鋸嶺,https://movie.douban.com/subject/26325320/,1945年，第二次世界大戰接近尾聲，作為邪惡軸心重要成員的日本，其囂張態勢已成強弩之末。是年，決定戰局走向的沖繩島戰役拉開序幕，成千上萬鬥志昂揚的美國大兵被派往沖繩，等待他們的則是敵軍重兵防守、兇險異常的鋼鋸嶺。在這群人中間，卻有一個不願拿起武器的軍醫。他名叫戴斯蒙德·道斯（安德魯·加菲爾德AndrewGarfield飾），來自美國的維吉尼亞。太平洋爆發之際，瘦弱的戴斯蒙德志願成為救死扶傷的軍醫而應徵入伍。可因童年和家庭的原因，他始終不願拿起槍支操練，為此寧願背上拒服兵役的罪名被送上軍事法庭。幾經周折，戴斯蒙德最終和戰友來到了鋼鋸嶺。槍林彈雨，轉瞬之間無數人應聲倒地。在信仰和信念的支持下，戴斯蒙德僅憑一己之力拯救了數十條瀕死的生命……本片根據真人真事改編。
147,頭號玩家,https://movie.douban.com/subject/4920389/,故事發生在2045年，虛擬實境技術已經滲透到了人類生活的每一個角落。詹姆斯哈利迪（馬克·裡朗斯MarkRylance飾）一手建造了名為“綠洲”的虛擬實境遊戲世界，臨終前，他宣佈自己在遊戲中設置了一個彩蛋，找到這枚彩蛋的人即可成為綠洲的繼承人。要找到這枚彩蛋，必須先獲得三把鑰匙，而尋找鑰匙的線索就隱藏在詹姆斯的過往之中。韋德（泰爾·謝裡丹TyeSheridan飾）、艾奇（麗娜·維特LenaWaithe飾）、大東（森崎溫飾）和修（趙家正飾）是遊戲中的好友，和之後遇見的阿爾忒彌斯（奧利維亞·庫克OliviaCooke飾）一起，五人踏上了尋找彩蛋的征程。他們所要對抗的，是名為諾蘭索倫托（本·孟德爾森BenMendelsohn飾）的大資本家。
148,寄生蟲,https://movie.douban.com/subject/27010768/,基宇（崔宇植飾）出生在一個貧窮的家庭之中，和妹妹基婷（樸素丹飾）以及父母在狹窄的地下室裡過著相依為命的日子。一天，基宇的同學上門拜訪，他告訴基宇，自己在一個有錢人家裡給他們的女兒做家教，太太是一個頭腦簡單出手又闊綽的女人，因為自己要出國留學，所以將家教的職位暫時轉交給基宇。就這樣，基宇來到了朴社長（李善均飾）家中，並且見到了他的太太（趙汝貞飾），沒過多久，基宇的妹妹和父母也如同寄生蟲一般的進入了朴社長家裡工作。然而，他們的野心並沒有止步於此，基宇更是和大小姐墜入了愛河。隨著時間的推移，朴社長家裡隱藏的秘密漸漸浮出了水面。
149,我是山姆,https://movie.douban.com/subject/1306861/,"在星巴克工作的山姆（西恩•潘SeanPenn飾），雖已成人，但智力水準只有7歲。一次偶然，他收留了一個流浪女。該女子幫山姆生下了一個女兒後消失得無影無蹤。他給女兒取名叫露西（達科塔•范寧DakotaFanning飾）,因為他最喜歡甲殼蟲樂隊的《天空中戴鑽石的露西》。他非常疼愛自己的孩子。露西在山姆的細心呵護下慢慢地長大了，她發現爸爸不能看懂稍微複雜一些的故事。她在拒絕長大，希望和爸爸一樣。父女兩的生活是那麼幸福。地區的教育官員發現了這個特殊的家庭，他們認為山姆沒有能力照顧露西，於是把露西帶走了。傷心極了的山姆一心要掙回露西的撫養權，於是他自以為是的去找該地區最好的律師……"
150,七武士,https://movie.douban.com/subject/1295399/,日本戰國時代，一小山村面臨著山賊的威脅，為了保護秋天的收成，村中長老決定讓去請武士來保護村子安全，但只能拿出的報酬是一天三頓的白米飯。在城裡，他們遭到了武士白眼甚至被打。直到勘兵衛（志村喬飾）的出現，他現今已淪為浪人，幾經考慮最後答應了。他對農民說至少需要七名武士，於是久藏（宮口精二飾）、勝四郎（木村功飾）、五郎（稻葉義男飾）、七郎（加東大介飾）、平八（千秋實飾）和菊千代（三船敏郎飾）等六人也加入了隊伍，七個人肩負保衛村子的任務。整個防禦準備的過程中，武士與農民間發生許多摩擦也鬧出不少笑話。而在一次偷襲行動中，有武士為救農民被火槍打死，很快山賊的反撲隨之而來，一場惡戰即將開始。
151,喜宴,https://movie.douban.com/subject/1303037/,偉同（趙文瑄）是事業有成的男同志，與男友賽門（MitchellLichtenstein）在美國過著幸福的同居日子，煩惱來自要用各種招數應對遠在臺北的父（郎雄）母（歸亞蕾）的一次次逼婚。偉同被逼以“乖乖仔”形象修書一封聲稱會在美國結婚，沒料父母想親眼見證。無奈，他只得拉上來自上海的不得志的女藝術家葳葳（金素梅）“假婚”，想逃過一劫。父母對葳葳相當滿意，卻對偉同的草率態度不滿，為讓父母滿意儘快返回臺北，偉同猶如“拼命三郎”使出了渾身解數。但人算不如天算，不斷的波折使得父母的返台日期一次次推遲，令他和賽門的感情亮起“紅燈”，而葳葳又意外懷上了他的孩子。似乎，偉同在強大的父母（傳統）面前，只能選擇去做一個“表面正常”的男人。
152,新世界,https://movie.douban.com/subject/10437779/,金門集團會長、暴力組織在虎派大佬石東出遭遇車禍身亡，該事件在黑白兩道引起不小震盪。為了遏制金門集團進一步向合法領域滲透並持續壯大，警方及時提出“新世界計畫”，旨在干預金門集團繼任大佬的選舉。而圍繞會長頭銜，金門旗下三號人物華僑出身的丁青（黃正民飾）和四號人物常務理事李仲久（樸聖雄飾）展開一連串明爭暗鬥。在危機四伏的當下，警方姜科長（崔岷植飾）命令臥底十年之久的李子成（李政宰飾）左右選舉結果。子成六年前和丁青結識，並且得到對方的器重和信任。早已厭倦黑道生活的子成無奈受命，卻無疑將自己投入了兇險非常的黑色漩渦之中。充滿鮮血與欲望的戰場，新世界何日來臨？
153,哈利·波特與火焰杯,https://movie.douban.com/subject/1309055/,這是一個不同尋常的學期，魔法學校的盛事：三強爭霸賽在霍格華茲舉行。學生們爭先報名，希翼獲得永恆無上的榮譽。火焰杯在選出三所學校的三名勇士後，竟將未足年齡的哈利也挑選出來。哈利（DanielRadcliffe飾）的當選引起其他學生的嫉妒連連，就連鐵哥們羅恩（RupertGrint飾）也首次和他鬧起了彆扭，哈利感到孤立無援，還好有教父小天狼星和赫敏一直支持他。可總有些好事者如記者麗塔等著看他的好戲。天知道這場比賽是何等艱辛危險，在龍的眼皮下偷蛋，潛入湖底救人，在迷宮中探險……一不小心，甚至可能付出生命的代價。黑魔王伏地魔的威脅漸漸顯現，每一天都險象環生，動人心弦。
154,電鋸驚魂,https://movie.douban.com/subject/1417598/,一覺醒來的亞當（雷•沃納爾LeighWhannell飾）發現自己被困在一個廢棄的廁所裡。他的對面是同樣命運的勞倫斯（加利•艾爾維斯CaryElwes飾）——他們被人用鐵鍊綁住了腿，並吃驚發現二人中間橫亙著一個恐怖的死人。死人鮮血淋漓，左手拿錄放影機右手拿槍。亞當兜裡被人放進來一盤磁帶，他趕緊放到錄放影機裡。磁帶裡說，勞倫斯必須在今晚6點前殺死亞當，否則二人將同歸於盡，勞倫斯的家人也不能倖免。而面前死人流出來的血，劇毒無比。一個血腥的死亡遊戲開始了。在剩下不多的時間裡，他們必須找到線索，逃出地獄。在最後關頭，當他們以為重見天日的時候，新一輪的噩夢才剛剛開始。
155,駭客帝國3：矩陣革命,https://movie.douban.com/subject/1302467/,第二集中，尼奧（基努·裡維斯KeanuReeves飾）沒有能從內部摧毀“母體”，他的身體在真實世界的飛船上陷於昏迷，思想卻被困在介於“母體”和真實世界的中間地帶，這個地方由“火車人”控制。墨菲斯（勞倫斯·菲什伯恩LaurenceFishburne飾）和崔妮蒂（凱瑞-安·莫斯Carrie-AnneMoss飾）等人知道了尼奧的情況，在守護天使的帶領下，找到了“火車人”的控制者梅羅紋奇，經過一番激鬥，將尼奧救了出來。此時，電子烏賊部隊對錫安發起了猛烈的攻擊，人類組織所有機甲戰士展開頑強的抵抗，形勢危在旦夕；尼奧和崔妮蒂駕駛了一艘飛船克服重重困難，到達機器城市，尼奧終於見到了機器世界的統治者“機器大帝”，雙方談判並達成了協議：尼奧除掉不受“母體”控制的史密斯，以換取錫安的和平。在“母體”中，尼奧和史密斯展開了關係人類生死存亡的最後決鬥...
156,模仿遊戲,https://movie.douban.com/subject/10463953/,二戰期間，盟軍苦於德國的秘密系統”英格瑪“無法破譯，政府召集了一批民間數學家、邏輯學家進行秘密破解工作，圖靈（本尼迪克特·康伯巴奇BenedictCumberbatch飾）就是其中之一。計畫剛開始圖靈遭到了以休（馬修·古迪MatthewGoode）為首的組員和領導的排斥，幸好軍情處部長孟席斯（馬克·斯特朗MarkStrong飾）幫助他立項研究破譯密碼的機器，而圖靈則變成了負責人，招收了新的成員瓊（凱拉·奈特莉KeiraKnightley）開始了艱難的工作。瓊很快就迷上了圖靈，由於她的幫助所有組員空前的團結，並於兩年後成功破解德軍的密碼。圖靈一度與瓊訂婚，但實際上他隱瞞了一個秘密，因為這個秘密他也遭受了非人的待遇……本片改編自安德魯·霍奇斯編著的《艾倫·圖靈傳》，上映後獲得了第87屆奧斯卡最佳改編劇本獎。
157,花樣年華,https://movie.douban.com/subject/1291557/,1960年代的香港，報館編輯周慕雲（梁朝偉飾）與太太搬進一間住戶多是上海人的公寓，和某家日資公司的貿易代表陳先生與太太蘇麗珍（張曼玉飾）成了鄰居。因為發現各自在外工作的配偶背著他們有了婚外情，周慕雲和蘇麗珍開始見面商討未來可能發生的事情以及相應對策。起初兩人是君子之交淡如水就事談事，可是日子一日接一日過去後，在周圍一幫上海鄰居的閒言碎語中，他們發現配偶的事早空出了他們的腦袋，彼此眼裡只剩下了對方，而刻意回避已生出的感情的結果，是更加刻骨的相思。
158,盧旺達飯店,https://movie.douban.com/subject/1291822/,1994年盧旺達宣佈獨立後，胡圖族與圖西族兩部族之間矛盾重重，多次發生衝突，戰事持續不斷。胡圖族大肆屠殺圖西族人，在這種背景下，盧旺達飯店經理保羅一直四面奔走，最終成功挽救了飯店裡一千多名圖西族和胡圖族難民。
159,三塊看板,https://movie.douban.com/subject/26611804/,米爾德雷德（弗蘭西斯·麥克多蒙德FrancesMcDormand飾）的女兒在外出時慘遭奸殺，米爾德雷德和丈夫查理（約翰·哈克斯JohnHawkes飾）之間的婚姻因此走到了盡頭，如今，她同兒子羅比（盧卡斯·赫奇斯LucasHedges飾）過著相依為命的生活。一晃眼幾個月過去了，案件仍然沒有告破預兆，而警方似乎早已經將注意力從案子上轉移了開來。被絕望和痛苦纏繞的米爾德雷德租下了高速公路邊上的三塊巨型看板，在上面控訴警方辦案無能，並將矛頭直接對準了警察局局長威洛比（伍迪·哈里森WoodyHarrelson飾）。實際上，威洛比一直隱瞞著自己身患絕症命不久矣的事實。因為這三塊看板，米爾德雷德和威洛比的生活發生了翻天覆地的變化。
160,上帝之城,https://movie.douban.com/subject/1292208/,巴西里約熱內盧的貧民窟，這裡是“上帝之城”，更是魔鬼也會歎息著轉身的地方。阿炮（AlexandreRodrigues飾）帶著我們到了這裡，他見證了這裡二十多年來被殘暴、貪婪、復仇、野心、背叛、掠奪所裹挾的混亂生活以及最終導致的一場災難性的黑幫爭鬥。雖然從小就要輾轉于匪徒間求生存，但膽小怕事的性格與自我保護的本能卻使他一直能平安度日。60年代初，阿毛、阿夾和阿呆是這裡的“少年三俠”，在搶劫完旅館之後，他們三人分道揚鑣，阿夾重回上帝的懷抱，而阿呆和阿毛紛紛付出了生命的代價。70年，當年“少年三俠”手下的小弟小豆子（DouglasSilva飾）靠著自己的心狠手辣，不停地吞併別人的地盤，成為了貧民區的“小霸王”，生意也從搶劫升級到了更為暴利的毒品買賣，和他一起飛黃騰達的還有班尼（PhellipeHaagensen飾）。班尼認識了美麗的安...
161,瘋狂原始人,https://movie.douban.com/subject/1907966/,原始人咕嚕一家六口在老爸Grug（尼古拉斯·凱奇NicolasCage配音）的庇護下生活。每天搶奪鴕鳥蛋為食，躲避野獸的追擊，每晚聽老爸敘述同一個故事，在山洞裡過著一成不變的生活。大女兒Eep（艾瑪·斯通EmmaStone配音）是一個和老爸性格截然相反的充滿好奇心的女孩，她不滿足一輩子留在這個小山洞裡，一心想要追逐山洞外面的新奇世界。沒想到世界末日突然降臨，山洞被毀，一家人被迫離開家園，展開一場全新的旅程。離開了居住了“一輩子”的山洞，展現在他們眼前的是一個嶄新絢麗卻又充滿危險的新世界，到處都是食人的花草和叫不出名字的奇異鳥獸，一家人遇到了全所未有的危機。在旅途中，他們還遇到了遊牧部落族人Guy（瑞恩·雷諾茲RyanReynolds配音），他有著超凡的創造力和革新思想，幫助咕嚕一家躲過了重重困難，途中他還發明了很多“高科技”產品，...
162,風之穀,https://movie.douban.com/subject/1291585/,工業文明的高度發展，卻最終帶來災難，一場為期7天的蟲族毀滅戰爭摧毀了人類文明。一千年後，工業文明遺留下來的癥結仍在困擾這個星球。帶有強烈毒性的植物組成了令人望而卻步的“腐海”森林，隨著時間的推移，腐海有條不紊地向四周蔓延，蠶食周邊世界。在一片腐海森林的旁邊，居住著一群禦風而行的人類。女主角娜烏茜卡和族人依靠海風的力量抵禦著有毒孢子的侵蝕，過著平靜祥和的生活。直到某一天，戰火燒到了這裡。西方強國特洛梅意欲重新建立人類霸權，他們計畫統一周邊諸國，然後向蟲族發起總攻。另一方面，一千年前曾主導摧毀人類的上古怪獸“猛怪”重現人間。毀滅戰爭一觸即發，人類的命運將會如何……本片根據宮崎駿同名漫畫改編，並分獲1985年羅馬奇幻電影節和1985年電影旬報最佳影片獎、1985年每日電影大藤信郎獎。
163,你的名字。,https://movie.douban.com/subject/26683290/,在遠離大都會的小山村，住著巫女世家出身的高中女孩宮水三葉（上白石萌音配音）。校園和家庭的原因本就讓她充滿煩惱，而近一段時間發生的奇怪事件，又讓三葉摸不清頭腦。不知從何時起，三葉在夢中就會變成一個住在東京的高中男孩。那裡有陌生的同學和朋友，有親切的前輩和繁華的街道，一切都是如此誘人而真實。另一方面，住在東京的高中男孩立花瀧（神木隆之介配音）則總在夢裡來到陌生的小山村，以女孩子的身份過著全新的生活。許是受那顆神秘彗星的影響，立花和三葉在夢中交換了身份。他們以他者的角度體驗著對方的人生，這期間有憤怒、有歡笑也有暖心。只是兩人並不知道，身份交換的背後隱藏著重大而錐心的秘密……本片為2016年度日本本土影片票房冠軍。
164,諜影重重3,https://movie.douban.com/subject/1578507/,失去了心愛的女人，波恩（馬特•戴蒙飾）面臨更為艱難的日子，他努力回憶，卻只能在睡夢中被腦海裡一知半解的閃回所驚醒，依然無法記起自己的身份。但是波恩註定不是平凡人，不等他冷靜下來好好“尋找回”自己真正的身份，中情局派出的殺手又接踵而至。在接連的幾次較量之後，傑森•伯恩終於被徹底激怒，決定反戈一擊——他主動追擊殺手，到過莫斯科、馬德里。巴黎，也在倫敦和坦吉爾做過停留。隨著問題一個一個解決，傑森回到了紐約，在那裡，他將會找到一切的答案，尋回自己的身份。
165,頭腦特工隊,https://movie.douban.com/subject/10533913/,可愛的小女孩萊莉（凱特林·迪亞斯KaitlynDias配音）出生在明尼蘇達州一個平凡的家庭中，從小她在父母的呵護下長大，腦海中保存著無數美好甜蜜的回憶。當然這些記憶還與幾個萊莉未曾謀面的夥伴息息相關，他們就是人類的五種主要情緒：樂樂（艾米·波勒AmyPoehler配音）、憂憂（菲利絲·史密斯PhyllisSmith配音）、怕怕（比爾·哈德爾BillHader配音）、厭厭（敏迪·卡靈MindyKaling配音）和怒怒（路易斯·布萊克LewisBlack配音）。樂樂作為團隊的領導，她協同其他夥伴致力於為小主人營造更多美好的珍貴回憶。某天，萊莉隨同父母搬到了三藩市，骯髒逼仄的公寓、陌生的校園環境、逐漸失落的友情都讓萊莉無所適從，她的負面情緒逐漸累積，內心美好的世界漸次崩塌。為了保護這一切，樂樂只有行動起來……
166,英雄本色,https://movie.douban.com/subject/1297574/,香港某個國際偽鈔集團重要分子宋子豪（狄龍飾）和Mark（周潤發飾）情同手足，某次宋子豪帶手下譚成（李子雄飾）去臺北交易時被其出賣受槍傷被捕入獄，為替好兄弟報仇，Mark孤身赴台，結果被人打成瘸子，江湖地位自此一落千丈，而宋子豪的父親也在不久喪命。一向視宋子豪為偶像的宋子傑（張國榮飾）得知哥哥的真實身份後，對黑社會及他恨之入骨，立誓利用員警身份將黑幫勢力斬草除根，宋子豪出獄後不顧苦等他想重創輝煌的Mark的勸阻，決心棄暗投明，無奈得不到宋子傑的諒解。而此時已成幫會老大的譚成欲找宋子豪再合作，遭拒絕後放言會害宋子傑，被逼走投無路，宋子豪決定再與Mark聯手共抗強敵。
167,達拉斯買家俱樂部,https://movie.douban.com/subject/1793929/,1986年美國達拉斯市，恐同的德州電工羅恩·伍德魯夫（馬修·麥康納MatthewMcConaughey飾）發現自己患上“同志病”——艾滋，生命只剩30天。他使用的AZT（疊氮胸苷）是當時美國藥管局唯一批准上市的抗艾藥物，但毒性極大。為了活下去，羅恩開始研究各種抗艾處方和替代療法，甚至走私來自世界各地未經批准的藥物。在醫生薩克斯（詹妮弗·迦納JenniferGarner飾）和異裝癖同性戀雷蒙（傑瑞德·萊托JaredLeto飾）的幫助下，羅恩開始成立了一個叫做“達拉斯買家俱樂部”的地下組織，為愛滋病人提供更多“非常規療法”，很多患病的男同性戀亦求助於他。他的舉動自然受到了藥管局和藥商的阻撓和施壓。羅恩最終在1992年9月去世，離他被告知只剩30天可活已經過去了2557天。在這近7年時間裡，他堅持不懈的與病魔、與藥管局及製藥商進行艱苦的...
168,縱橫四海,https://movie.douban.com/subject/1295409/,砵仔糕（周潤發飾）、阿占（張國榮飾）和紅豆（鍾楚紅飾）均是孤兒，在養父（曾江飾）栽培下成為國際大盜。長大後成了幫他賺錢的藝術品大盜，而三人同時又認了員警（朱江飾）為乾爹。法國巴黎博物館內，名畫《赫林之女僕》被人盜走。與此同時，阿海、阿占和紅豆三人以敏捷身手盜得另一幅名畫，在與法國大哥交易時得知名畫《赫林之女僕》在妖氣重重的古堡內，他們在曾江安排下成功地盜取此畫之後，反被集團原凶曾江與法國大哥合謀設下陷阱，派人追殺滅口。阿海駕車與殺手快艇相撞……三人失散，數年後，他們在香港重聚，阿海“癱瘓”住在朱江家裡，阿占和紅豆已經結婚了。曾江又逼他們去偷畫……
169,心迷宮,https://movie.douban.com/subject/25917973/,一個想要掙脫父權控制的青年，在一次爭執中失手殺死了同村的痞子，被迫逃亡。他沒有想過會用這樣的方式逃離安逸的生活，離開之際卻驚人的發現宿命早已將他和專制的父親緊緊連接在一起，走或留他都將失去一切。一個飽受家庭暴力摧殘的留守女人，在曾經戀人的懷抱裡找到了慰藉。黑暗裡絕望的女人與情夫密謀殺夫，可當莽夫的死訊真的傳來時，情夫卻避而不見矢口否認一切。當女人又一次陷入絕望，另一個男人出現在她的生活裡，他給女人帶來的不僅僅是關心……一個行為正直嚴格自律的老村長，精心設計著自己退休後的晚年生活。一生忠誠於信仰的他，卻在本性面前輕易地低下了頭；一個污點掉落在命運藍圖上，他竭力去擦掉汙跡，卻剝開了一個黑洞，深陷其中。
170,歲月神偷,https://movie.douban.com/subject/3792799/,60年代的香港，風雲變幻。一面要忍受港英政府的壓制，一面又受到內地運動的波及，更要面對不時登陸的颱風暴雨。老字型大小的永利街就處在這樣一個風暴的旋渦中心。鞋匠羅一家四口，在街尾以做鞋為生。羅先生（任達華飾）做得一手好鞋，在那個混亂的年代僅能養家糊口；羅太太（吳君如飾）為人辛辣直率，人稱“俠盜羅嫂”。大兒子羅進一（李治廷飾）16歲，品學兼優，是運動會的冠軍，全家人的希望，也是永利街的驕傲；小兒子羅進二（鐘紹圖飾）8歲，在父母溺愛之下，天性頑劣，出了名的頑皮整蠱……一家人艱難度日，也算其樂融融。然而大兒子與富家小姐芳菲（蔡穎恩飾）之間一段純美的初戀、一場掃蕩整個香港的颶風暴雨、更有一場潛伏已久的噩夢，讓這個普通家庭的平安幸福在一夜之間陡生變故、支離破碎……面對歲月這個最大的“神偷”，頑強不屈的人該如何去抵抗？2010第60屆柏林電影節“新生代...
171,驚魂記,https://movie.douban.com/subject/1293181/,年輕的馬里恩·克蘭（珍妮特·利飾）在Phoenix工作，深受老闆洛厄裡（沃恩·泰勒飾）信任。男友薩姆·盧米斯（約翰·加文飾）在Fairvale經營一家五金店，因要替亡父還債又要支付前妻贍養費而無力再婚，只能借出差的機會偶爾來與馬里恩幽會。馬里恩對此感到不滿，於是在週五下午趁機攜四萬美元公款駕車潛逃。可是馬里恩的潛逃之路並不順利：先是在出城的時候被洛厄裡目擊，週六一大早又被員警懷疑。花了七百美元以舊車換新車之後，馬里恩繼續忐忑地行駛。入夜後，天降大雨，視線模糊，無法行駛，馬里恩只得將車泊入路邊的貝茨汽車旅館投宿。老闆諾爾曼（安東尼·珀金斯飾）十分友善，試圖邀請馬里恩到家裡共進晚餐，可惜被兇惡的母親粗暴阻止，只得將晚餐端至旅館客廳。馬里恩在客廳一邊進餐一邊與諾爾曼交談，終於決定周日返回Phoenix。用餐完畢，馬里恩回房沐浴。這時，一個老婦的身影...
172,記憶碎片,https://movie.douban.com/subject/1304447/,當記憶支離破碎後，你該怎樣面對生活？本片的主人公就遭遇了這樣的事情。萊納•謝爾比（蓋伊•皮爾斯飾）在家遭到歹徒的襲擊，妻子被殘忍的奸殺，自己腦部也受到嚴重的傷害。醒來後，他發現自己患了罕見的“短期記憶喪失症”，他只能記住十幾分鐘前發生的事情，為了讓生活繼續下去，更為了替慘死的妻子報仇，他憑藉紋身、紙條、寶麗來快照等零碎的小東西，保存記憶，收集線索，展開了艱難的調查。調查中，萊納遇上粗俗的酒吧女招待娜塔莉婭(凱瑞•安妮•莫斯飾)，她似乎知道一些萊昂納多感興趣的事；還有泰迪(喬•潘托利亞諾飾)，自稱是他以前好朋友，但看上去鬼鬼祟祟的，不懷好意。到底誰能相信？娜塔莉婭？泰迪？還是他自己？抽絲剝繭之後，真相呼之欲出，簡單之至卻又殘酷無比，而萊納是否有面對這一切的勇氣？
173,海街日記,https://movie.douban.com/subject/25895901/,臨海古都鐮倉，順山而成的小鎮，不起眼的角落裡生活著香田家四姐妹。她們的父親早年和情人離家出走，母親則乾脆將女兒們拋給了外婆照顧。外婆去世後，外孫女們繼承了這棟有著悠久歷史的大房子。過早擔負起家庭重任的大姐香田幸（綾瀨遙飾），盡心盡力照顧著兩個妹妹佳乃（長澤雅美飾）、千佳（夏帆飾）健康成長。這一天，父親去世的消息傳到姐妹手中。她們結伴而行參加了父親的葬禮，並且結識了從未謀面的異母妹妹淺野鈴（廣瀨絲絲飾）。許是血緣中的親近之感，幸在臨行前邀請鈴搬來鐮倉同住。未過多久，抱著對姐姐們的憧憬，鈴邁入了父親曾經生活過的房子。四季流轉，姐妹們的故事悄然上演……本片根據吉田秋生的同名漫畫改編。
174,忠犬八公物語,https://movie.douban.com/subject/1959195/,1923年，日本秋田縣大館市天降大雪，近藤家純種秋田犬產仔，贈與縣土木科長間瀨。後者將其中一犬轉贈東京帝國大學教授上野秀次郎（仲代達矢TatsuyaNakadai飾）馴養。上野的獨生女千鶴子對此歡欣鼓舞，而上野夫婦卻面露難色。後來，千鶴子（石野真子MakoIshino飾）談戀愛，竟懷了男友的孩子。男友專程登門造訪。上野與之對談，後者誠惶誠恐，坦言要對其女兒負責，事不宜遲，即日便舉行婚禮，上野聞聽此言，轉怒為喜。千鶴子出嫁後，上野旋即把全部的心血與愛都投注在幼犬身上，並取名為阿八。每日上下班，阿八必在澀穀車站等候，一年四季，風雨無阻，令路人歎為觀止，成為地方一道風景，主僕之情感動天地……本片根據真實事件改編，為1987年日本票房冠軍，票房成績高達54億日元。
175,荒蠻故事,https://movie.douban.com/subject/24750126/,《荒蠻故事》是一部黑色喜劇，由6個獨立的暴力復仇小故事構成。影片是一次對於人類失控行徑的顛覆性創作，從怪異的幽默感，獨特的畫面和大膽的配樂，到對於身處絕境的普通人這一題材的偏愛，都可以清晰地看到南美鬼才導演達米安·斯茲弗隆與阿莫多瓦在創作方面的相似之處。不過，斯茲弗隆仍然通過這部影片發出了自己獨特的聲音：一場對於一個腐敗成風、經濟和社會嚴重不平等的社會的尖銳抨擊。
176,九品芝麻官,https://movie.douban.com/subject/1297518/,包龍星（周星馳飾）用錢買來了一個候補知縣的職位，可是為人貪婪，縣上的人都對他痛恨之極。在他代替正式知縣的時候，戚家媳婦戚秦氏（張敏飾）遭到了常威(鄒兆龍飾)的強暴，後來常威動了殺機把戚家上下都殺害了，更嫁禍于戚秦氏。常威是水師提督大人的兒子，請來大狀方唐鏡（吳啟華飾），收買了所有證人以便洗脫罪名。包龍星雖然極力尋找證據，也被迫害至落難他鄉。他決定要上京告禦狀，後來他因沒錢不得不在妓院打工，向老闆娘學習了一身鬥嘴的好功夫。他在妓院裡誤打誤撞認識了皇上，説明皇上有功他被封了大官，重審戚家被害的案件。他憑著聰慧與口才，全力為戚秦氏討回公道。
177,爆裂鼓手,https://movie.douban.com/subject/25773932/,19歲少年安德魯（邁爾斯·特勒MilesTeller飾）成長在單親家庭，一心想成為頂級爵士樂鼓手。某晚他在學校練習時被魔鬼導師弗萊徹（J·K·西蒙斯J.K.Simmons飾）相中，進入正規樂隊，同時也開始為追求完美付出代價。安德魯越是刻苦練習，與外部世界越是隔膜。唯一理解他的是弗萊徹，但後者的暴躁與喜怒無常扭曲了這段師生關係，更讓安德魯耳濡目染，連帶自身的性格亦發生變化。最後當安德魯終於登上紐約音樂廳的舞臺，他才驚恐的發現原來弗萊徹一直等著將他打入塵埃......《爆裂鼓手》講述一名少年在嚴師督教下，以非常規手段挑戰自己的極限、追逐爵士樂鼓手夢的熱血故事。主人公熱愛打鼓，但過度的投入讓他失去對音樂的初衷，進而演變為生命的負荷以及師徒間近乎瘋魔的對決。電影不只有音樂人的苦痛，更讓人看到傳統勵志背後的殘酷真相。《爆裂鼓手》獲得第30屆聖丹...
178,真愛至上,https://movie.douban.com/subject/1292401/,這是一出10個愛情故事串成的喜劇雜燴：失去母親的小男孩終日鬱鬱寡歡，繼父不知該如何安慰。當他得知繼子喜歡上學校裡最美的女孩，便熱烈地鼓勵兒子去追。小男孩為了贏得小女孩的關注，廢寢忘食地練習架子鼓，只為了在耶誕節的晚會上能與她同台演出。勇敢的他，甚至為了最後的一記道別瀟灑地突破機場的安檢區。兩個孩子的母親面對了婚姻危機。丈夫感情出軌，把項鍊送給了別的女人，給她的，則僅是一張她熱愛的女歌手的CD。她找了藉口倉皇躲入臥室，在歌聲中隱忍啜泣。轉個身，又誇張地大笑著，迎向嬌女愛子歡喜的面容。丈夫最終幡然醒悟。……如此的小故事共有十出，溫暖你我的心。
179,貧民窟的百萬富翁,https://movie.douban.com/subject/2209573/,2006年，印度孟買。印度青年傑瑪•馬利克（戴夫•派特爾飾）還差一個問題就能贏得2千萬盧比。他是怎麼做到的？A：他作弊；B：他幸運；C：他是天才；D：一切命中註定。這是《誰想成為百萬富翁》電視猜謎節目的人生版。傑瑪•馬利克在已經贏得1千萬盧比的情況下被警方以欺詐罪逮捕，嚴刑拷問下傑瑪說出他獲得1千萬盧比的真相——他確實知道答案，但他只知道這些！出身貧民窟的傑瑪年幼就生活艱苦，他與哥哥沙裡姆、少女拉媞卡(芙蕾達•平托飾)三人卻一起經歷了幾十年印度的變遷。之前每一個問題，都好像是傑瑪的記憶碎片，牽動他關於親情、愛情與人生的回憶。而現在，傑瑪一方面要洗清自己的犯罪嫌疑，一方面要拯救與拉媞卡的愛。在金錢與愛之前，傑瑪能夠沉著冷靜，選擇出正確的答案嗎？
180,綠裡奇跡,https://movie.douban.com/subject/1300374/,獄監保羅（湯姆•漢克斯TomHanks飾）這天迎來了一位不平凡的殺人犯――約翰•考夫利（邁克•克拉克•鄧肯MichaelClarkeDuncan飾）。約翰因殺了兩名幼女被判死刑來到了這座著名的冷山監獄，監獄裡有一片稱為“綠裡”的綠地，綠地那頭就是刑場。約翰不僅不像想像中的兇殘，相反，他出奇的溫厚、機智。約翰的到來給獄中的各人帶來了天翻地覆的變化：為老囚犯特裡沃的小老鼠注入了生命的強度，給特裡沃最後的人生帶來最後的慰籍；神奇的拯救了被病痛折磨的保羅和馬琳達；將金保斯從死神手中拉了回來……保羅這些天也從約翰身上看到了人生的真諦。約翰行刑的那天終於到了。
181,東邪西毒,https://movie.douban.com/subject/1292328/,在戀人（張曼玉）負氣嫁給兄長的當晚，歐陽鋒（張國榮）黯然離開白陀山，走進沙漠某個小鎮，成為一名殺手仲介人。他的朋友、風流劍客黃藥師（梁家輝）每年都來小鎮與他暢飲，酒話裡有關白陀山的消息令他忘卻往事的念想漸次演變成自欺行為。黃藥師只是表面風流。他迷戀好友“盲武士”（梁朝偉）的妻子桃花（劉嘉玲），後者在丈夫死後，永遠地離開了他；而對迷戀他的女人慕容嫣（林青霞），他又不願兌現曾經隨口說出的承諾，這使得慕容嫣迷失於自己的身份中。與歐陽鋒構成短暫“買兇殺人”關係的洪七（張學友）、村姑（楊采妮）等人，也都有一段只有他們自己才知、不願回首的痛苦過往。
182,小偷家族,https://movie.douban.com/subject/27622447/,東京的都市叢林中央，殘存著一棟古舊寒酸的老房子，這裡局促地生活著柴田一家五口人。在工地當臨時工的男人阿治（LilyFranky飾）經常帶著兒子祥太（城檜吏飾）到超市盜竊生活用品，這一天，他們回家路上遇到了獨自待在戶外的四歲女孩由裡（佐佐木美結飾）。妻子信代（安藤櫻飾）起初極力主張將女孩送回父母身邊，但當看到女孩原生家庭的狀況時又心生惻隱。原本柴田家就靠著老奶奶初枝（樹木希林飾）的養老金度日，而今多了一口人，自然更艱辛了幾分。包括信代的妹妹亞紀（松岡茉優飾）在內，雖然一家人游走在貧困和違法的邊緣，但篤深的羈絆將他們緊緊聯繫在一起，使他們的心不會隨著冰冷的都市而寒冷下去……本片榮獲第71屆坎城電影節金棕櫚
183,愛在午夜降臨前,https://movie.douban.com/subject/10808442/,被影迷奉為愛情圭臬的《愛在黎明破曉前》、《愛在日落黃昏時》終於迎來了第三部《愛在午夜降臨前》。第一部中美國青年傑西（伊桑·霍克EthanHawke飾）坐火車邂逅法國女孩賽琳（朱莉·德爾佩JulieDelpy飾），兩人在維也納度過難忘一晚；9年後的第二部，傑西已成為作家，他的小說讓他和賽琳在巴黎重逢，兩人於日落前再續前緣。如今又一個9年過去了，傑西與賽琳已經一起生活並有了一對雙胞胎女兒，對人生和愛情也有了更多感悟。《愛在午夜降臨前》就是擷取他們在希臘伯羅奔尼薩斯南部小島度假的最後一天。導演理查·林克萊特和兩位主演就像與影迷在赴一個每9年的約會，儘管三部曲的製作跨度長達18年，但故事情節幾乎可以寫在一張紙的背面。電影慣於只用人與人的對話講述故事，兩位元主人公或行走在靜謐的村落，或悠然坐在露臺和餐桌前，不斷的討論著文學、愛情、生活、兩性等話題...
184,無敵破壞王,https://movie.douban.com/subject/6534248/,無敵破壞王（約翰·C·賴利JohnC.Reilly配音）生活在一個80年代出品的低精度遊戲中。他的設定身份是一個反派，每天的生活就是在遊戲《快手阿修》中大搞破壞，其後由玩家操作的英雄人物快手阿修（傑克·麥克布瑞爾JackMcBrayer配音）會及時趕到進行修補，贏得獎牌，包攬一切榮耀。身為反派，破壞王厭倦了自己的生活，眼看阿修被勝利者的光環圍繞，自己卻日復一日在無趣中過活，他終於決定改變。單純的他以為只要自己也能得到一枚獎牌，就可以擺脫反派的身份，於是某日在遊戲廳歇業後，破壞王偷偷離開了自己的遊戲，前去闖蕩其他電子遊戲的世界。在途中，破壞王結識了來自《英雄使命》的冷酷隊長（簡·林奇JaneLynch配音）和來自90年代糖果賽車遊戲《甜蜜衝刺》的小女孩雲妮（薩拉·絲沃曼SarahSilverman配音）。後者夢想著能上場比...
185,冰川時代,https://movie.douban.com/subject/1291578/,冰河時期降至，動物們都急著遷徙到溫暖的地方及儲存食物。長毛象曼弗瑞德、樹獺希德、劍齒虎迪亞戈為了幫助一個人類的嬰兒回到父母身邊，因而也掉了動物們遷徙的隊伍。三隻性格各異的動物，覺得集合力量説明嬰兒。一路上，善良的曼弗瑞德總覺得迪亞戈心懷鬼胎，想吃掉嬰兒，互相猜疑。他們一起經歷了無數艱難險阻，終於能夠真誠相對。當劍齒虎迪亞戈的同伴知道它身邊正有一個嬰兒，饑寒交迫的它們就想迪亞戈把嬰兒交給它們當食物，迪亞戈已對可愛的小嬰兒產生了感情，無法下手，而迪亞戈該如何選擇呢？小嬰兒又能否安全回到家中？
186,黑天鵝,https://movie.douban.com/subject/1978709/,紐約劇團要重排《天鵝湖》，因前領舞Beth（薇諾娜•賴德WinonaRyder飾）離去，總監Thomas（文森特•卡索爾VincentCassel.飾）決定海選新領舞，且要求領舞要分飾黑天鵝與白天鵝。Nina（娜塔莉•波特曼NataliePortman飾）自幼練習芭蕾舞，在母親的細心關照下，技藝出眾。這次，她希望可以脫穎而出。然而，在競爭中，她發現心機頗重的Lily（米拉•庫妮絲MilaKunis飾）是自己的強勁對手。在選拔中，她的白天鵝表演的無可挑剔，但是黑天鵝不及Lily。她感到身心俱疲，回家還發現了背部的紅斑與腳傷。她一個人找到總監，希望爭取一下。總監趁機親吻她，卻被她強硬拒絕。結果，總監居然選了她。隊友懷疑她靠色相上位。在酒會上，Beth甚至當眾發洩。這種壓力外加傷病，一直影響著她的發揮。總監啟發她要釋放激情，表現出黑天...
187,你看起來好像很好吃,https://movie.douban.com/subject/4848115/,哈特（山口勝平飾）是一隻被草食性恐龍養大的霸王龍。其實，早在它破殼而出時，草食性恐龍的首領就曾命令哈特的母親（原田知世飾）拋棄它，但母親卻最終還是偷偷把它養大。隨著年齡的增長，每天只吃野果的哈特每天饑餓難耐，最終還是抵不住本能的驅使，開始了自己食肉的殘暴生涯。然而，由於母親的影響，在哈特的內心深處，始終湧動著一顆善良的心靈。一天，偶爾遇到一隻破殼而出的食草恐龍寶寶，哈特陰差陽錯的被恐龍寶寶誤認為是“爸爸”，而且為小恐龍取名為“很美味”，自此開始了又一段奇異的恐龍父子情。然而，伴隨著生存環境的惡化，恐龍們的生存遭受著前所未有的破壞，哈特和它的親人最終能否經得起考驗……本篇由日本知名漫畫家宮西達也的同名漫畫改編，本書曾獲劍淵繪本鄉繪本獎大獎。
188,瘋狂的石頭,https://movie.douban.com/subject/1862151/,重慶一間工藝品廠已經瀕臨倒閉，卻不料在拆倒舊廠房的時候，發現了廁所裡的一件寶物——一塊價值連城的翡翠。廠裡決定用這塊翡翠舉辦一個展覽，賺些錢發拖欠了幾個月的工人工資。期間由工藝品廠保衛科長包世宏（郭濤飾）負責看守這件寶物。但是，國際大盜麥克與本地一幫小偷卻讓包世宏一籌莫展，他們各施其技接近翡翠，展覽館開始了一場明爭暗鬥的較量。黑色幽默也開始幕幕上演。翡翠的價值幾何？最後誰是勝出者？事情遠沒有表面那麼簡單……
189,色，戒,https://movie.douban.com/subject/1828115/,本是嶺南大學學生的王佳芝（湯唯飾）因戰爭輾轉到了香港讀書，她在香港大學加入了愛國青年鄺裕民（王力巨集飾）組織的話劇組，他們主演的愛國話劇更激起了他們的愛國情操。當鄺裕民得知汪偽政府的特務頭子易先生（梁朝偉飾）正在香港的時候，他們便密謀要刺殺易先生。化名“麥太太”的王佳芝很快得到了易太太（陳沖飾）的信任與喜愛，同時美麗的“麥太太”也吸引了易先生的眼球，正當事情進行得如火如荼之際，易先生突然要回到上海去。此後王佳芝一直生活在上海，沒想到重遇了鄺裕民。當得知刺殺行動還沒結束時，王佳芝再次成為了特務，再次以“麥太太”的身份出現在易先生的面前。重逢後的二人關係進一步發展，此時的易先生因愛上了王佳芝而對她毫無忌諱，王佳芝的內心也變得起伏不定。刺殺行動進行正順利，但當易先生送給王佳芝璀璨鑽戒表達愛意時，王佳芝做出了驚人的決定……
190,螢火蟲之墓,https://movie.douban.com/subject/1293318/,美日戰爭爆發，14歲的清太帶著年幼的妹妹到處逃命，當他們到達防空洞的時候，母親已身受重傷，沒過多久便不久人世。兩兄妹自此過著相依為命的日子。他們只好投靠了母親的姐妹，縱使他們把家裡所有的家當都送給了阿姨，但當食物吃完，他們就越感到了寄人籬下的感覺，清太決定帶著妹妹離開獨自生活。火災硝煙中的生活並不好過，清太為了妹妹四處偷取食物，但妹妹還是嚴重營養不良……
191,雨人,https://movie.douban.com/subject/1291870/,查理（湯姆·克魯斯TomCruise飾）父親去世，留下了300萬美元的遺產。然而令他意外的是，遺產全部給了一個他不認識的哥哥雷蒙（達斯汀·霍夫曼DustinHoffman飾）。雷蒙的名字查理從沒聽過，這個事件讓他氣憤不已。他決定前去尋找哥哥。誰知雷蒙的住處就在一個精神病院裡，原來他自幼患有自閉症，母親去世後就被送到精神病院治療。查理心中有了算計，他把雷蒙帶出精神病院，企圖騙他出讓遺產。雷蒙的生活習慣奇異，活在自己的幻想世界裡，有很多離奇古怪的行為。並且，查理在共處中發現了雷蒙驚人的記憶能力，他試著利用哥哥過目不忘的本領去賭場上試一下身手，贏得了一大筆獎金，使查理足以擺脫窮困生活。而令查理收穫更大的是，他還獲得了慢慢升溫的親情，這種手足情遠遠勝過了他原先圖謀的300萬的遺產。
192,雨中曲,https://movie.douban.com/subject/1293460/,1927年，由唐·洛克伍德（吉恩·凱利飾）和麗娜·雷蒙德（簡·哈根飾）主演的《皇家流氓》在好萊塢首映。由於麗娜刺耳的嗓音無法匹配其奪目的外貌，為了維護明星形象，宣傳部只得安排唐一人講話。首映後，由於鋼琴師科斯莫·布朗（唐納德·奧康納飾）的汽車爆胎，為了躲避瘋狂的影迷，唐意外結識了能歌善舞的凱西·塞爾登（黛比·雷諾斯飾），並被其深深吸引。數周後，首部有聲電影《爵士歌手》爆紅，唐與麗娜的新片《決鬥騎士》不得不臨時改變拍攝方式，而凱西也成為歌舞片演員。因預映口碑極差，科斯莫提議將《決鬥騎士》改為歌舞片，由凱西為麗娜配音，凱西積極附議。與凱西吻別後，唐心花怒放，在雨中載歌載舞。科斯莫的計畫能否奏效？幕後的凱西能否走到台前接受觀眾的掌聲？
193,恐怖遊輪,https://movie.douban.com/subject/3011051/,單親母親傑西（蒙莉莎·喬治飾）和一幫朋友乘遊艇出海遊玩，但她總有一種有不好的事情發生的感覺。不久，他們便在海上遭遇一場強烈的風暴。遊艇翻船，眾人落海，幾經掙扎他們好不容易爬到遊艇殘骸上來。正當他們無計可施之時，一艘巨大的游輪向眾人緩緩駛來。眾人欣喜過望，未加思索便登上這艘名為“艾俄洛斯”的遊輪，結果發現這竟是一艘1930年便告失蹤的神秘之船，而船上更是空無一人。隨處可見的鮮血、神秘的指示以及突如其來的兇殺事件，將這群男女帶入萬劫不復的恐怖輪回之中……
194,戀戀筆記本,https://movie.douban.com/subject/1309163/,一個浸潤著鮮紅與純白的愛情故事，寫在一本灑滿昏黃的筆記本上，被一位老先生(詹姆斯·迦納飾)，一遍一遍的講述。老太太(吉娜·羅蘭茲飾)總是靜靜的聽著，好奇的追問結果。在一家療養院，這樣不變的場景每天都會上演。筆記本上，秀美的字跡，記載著發生在那個夏天的愛情。艾莉(瑞秋·麥克亞當斯飾)是富有人家的千金，她隨家人來到小鎮避暑。在一個充滿夢幻的遊樂場，邂逅了諾亞(瑞恩·高斯林飾)。諾亞沒有錢，卻活的很快樂。艾莉在他那學會了自由，得到了歡笑，兩人很快熱戀起來。然而在艾莉父母的阻撓下，相愛的兩個人，就被分開在夏天結束的那一刻。隨著諾亞的365封信被偷偷藏起，艾莉在7年後終於放棄了等待。就在她要步入教堂的前一天，突然在報紙上看到了諾亞曾許諾給自己建造的白色房子。一切記憶，全部蘇醒……也許，應該蘇醒的，不是故事中的，而是聽故事的人。
195,魔女宅急便,https://movie.douban.com/subject/1307811/,琪琪今年13歲了，按照魔法界的規矩，魔法少女年滿13歲就要出外進行為期一年的修行。所以琪琪帶著寵物黑貓吉吉踏上了修行之旅。然而，修行之旅開始得並不順利，當琪琪來到海邊一座大城市時，人們並沒有歡迎她的到來，人人都不搭理她。幸虧琪琪有一顆善良的心，當她拾到了一件別人的失物時，熱心的琪琪找到了失主。她的善良贏得了麵包店老闆娘的好感，琪琪就在麵包店開始了她用飛行魔法為客人服務的快遞業務。琪琪很快適應了新環境，一次，一個熱衷於飛機製造的男孩邀請琪琪去參加飛行俱樂部的聚會，途中琪琪因為幫一位老大娘送東西而被雨淋了。從此，琪琪突然發現自己的魔法正在一天天變弱。
196,2001太空漫遊,https://movie.douban.com/subject/1292226/,這部影片是庫布裡克花了四年時間製作的充滿哲學命題的鴻篇巨制。一塊大黑石樹立在史前人類的面前，他們剛剛開始認識工具，進入到進化的里程碑。同樣的黑石還在宇宙多處出現，它們矗立在月球上，漂浮在太空中，帶著某種神秘的寓意。現在的時間是2001年，為了尋找黑石的根源，人類開展一項木星登陸計畫。飛船上有冬眠的三名宇航員，大衛船長（凱爾·杜拉KeirDullea飾）、富蘭克飛行員（加里·洛克伍德GaryLockwood飾），還有一部叫“HAL9000”的高智慧電腦。HAL在宇宙飛行過程中發生錯亂，令到富蘭克和三名冬眠人員相繼喪命，剩下波曼和這台電腦作戰。從死亡線上回來的大衛一氣之下關掉主腦系統，HAL徹底失效。現在，茫茫宇宙中只剩大衛一人，向木星進發。穿越瑰異壯觀的星門，大衛仿佛去到一個奇特的時空，那裡有人類無盡的生死輪回和宇宙的終極知識……
197,城市之光,https://movie.douban.com/subject/1293908/,他是一個流浪漢（查理·卓別林CharlesChaplin飾），身無分文，遇上了雙目失明的賣花女，卻不忍袖手旁觀。他想盡辦法去湊夠費用，供賣花女治病。一天，他搭救了一個富翁，富翁當晚和他稱兄道弟，第二天卻翻臉不認人。本來打算向他求助的主意行不通了。流浪漢去參加拳擊比賽，以圖獲得獎金，卻輸得一敗塗地。誰知這時重遇富翁，二人不計前嫌，富翁答應出錢資助賣花女。在交給流浪漢1000元後，富翁遭到偷襲，身上剩下的錢被強盜搶走。流浪漢奮不顧身去追趕，卻因為誤會被員警押回警局坐牢。另一方面，賣花女憑藉流浪漢的資助重獲光明，開了一家體面的花店。
198,可哥西裡,https://movie.douban.com/subject/1308857/,尕玉（張磊飾）本來是個員警，為了調查藏羚羊獵殺狀況，他假扮記者身份，隨考察團來到可哥西裡——那裡氣候寒冷、空氣稀薄，含氧量極低。就在這個人類生存的“禁區”，尕玉目睹了一幕幕人性的貪婪以及人類與環境的狂暴衝突。首先是藏羚羊保護站的巡山隊員被盜獵人槍殺，接下來他們見到了悲慘的一幕：盜獵者逃走，只留下眾多隻剩嶙峋白骨的藏羚羊。巡山隊員在惡劣的環境中追捕兇手，最終只奪回了一部份的藏羚羊皮毛。一方面要與惡劣的自然環境抗爭、另一方面還要與兇殘的盜獵者周旋，巡山隊員和尕玉面臨著生死考驗。
199,虎口脫險,https://movie.douban.com/subject/1296909/,二戰期間，英國一架飛機在執行轟炸任務中，被德軍擊中，幾名英國士兵被迫跳傘逃生。他們約好在土耳其浴室見面，並用這次行動的代號“鴛鴦茶”作為接頭暗號。他們分別降落在法國巴黎德軍佔領區的不同地點。大鬍子中隊長雷金納德被動物園管理員所救。而另外兩名士兵，也分別在油漆匠奧古斯德（布林維爾飾）和樂隊指揮斯塔尼斯拉斯（路易·德·費內斯飾）的幫助下掩藏好了。即便德軍展開了全城的搜索，油漆匠、指揮和中隊長還是在浴室順利地會面，幾經輾轉，英國士兵終於接上了頭。幾個原本並不認識的人，就這樣結成了生死同盟，與敵人展開了鬥智鬥勇的生死遊戲。同時，也鬧出了不少溫情的笑話。他們用微薄的力量對抗嚴酷德軍，險相迭生，滑稽搞笑，為了逃出虎口，共同戰鬥。
200,人工智慧,https://movie.douban.com/subject/1302827/,21世紀中期，由於溫室效應，南北極冰川融化，地球上很多城市被淹沒。此時，人類科技已經高度發達，人工智慧機器人就是人類發明出來用以應對惡劣自然環境的科技手段之一，而且，機器人製造技術已經高度發達，先進的機器人不但擁有可以亂真的人類外表，還能感知自身的存在。莫妮卡的兒子馬丁重病住院，生命危在旦夕，為了緩解傷痛的心情，她領養了機器人小孩大衛（海利•喬•奧斯蒙特飾），大衛的生存使命就是愛她。馬丁蘇醒，恢復健康，回到了家裡，一系列的事情使大衛“失寵”，最後被莫妮卡拋棄。在躲過機器屠宰場的殘酷追殺後，大衛在機器情人喬（裘德•洛飾）的幫助下，開始尋找自己的生存價值：渴望變成真正的小孩，重新回到莫妮卡媽媽的身邊。誰也不知道他能否完成自己的心願，脫胎換骨成為真正的人，等待他們的只是凶吉難料的旅程……
201,遺願清單,https://movie.douban.com/subject/1867345/,老富翁愛德華•科爾（傑克•尼克爾森JackNicholson飾）近年來在公立醫院的私有化改造事業中獲利頗豐，他為節省成本，規定病房“一房兩床”的做法頗受非議，但性格強勢的科爾不以為意，豈料他不久被檢查出罹患癌症，本欲入住單人病房的科爾在輿論壓力下只得與另一位病人——老卡特（摩根•弗裡曼MorganFreeman飾）同處一室。汽車修理技師老卡特博聞強識，將三個子女培養成才，但代價是犧牲了年輕時要做歷史教授的夢想。曾經結婚多次如今卻孤身一人的科爾逐漸對卡特產生了興趣，兩位老人在病房中結下了友誼。科爾偶然發現了卡特的“遺願清單”，他決定運用自己的力量，讓那些紙面上的瘋狂構想一一實現，去發現人生的真正意義……
202,初戀這件小事,https://movie.douban.com/subject/4739952/,初中生小水相貌平平，家境一般，所以在學校裡並不受重視。但是她心地善良，又有一群死黨，日子過得倒也開心。某天，她遇見了帥氣的學長阿亮（馬里奧·毛瑞爾MarioMaurer飾），春心萌動，無法遏制。她喜歡看他踢足球，看他拍照，如癡如狂。上英語課時，她不停地給死黨傳紙條表達對阿亮的愛慕。然而，英語老師則指出她除了英語一無是處。回到家，叔叔從美國捎來了父親的消息，說如果她能考全校第一，就可以去美國。於是，她按下決心要努力加油。某天，小水等人在買飲料時，碰到籃球隊員蠻橫插隊。阿亮挺身而出，為她們教訓了對方，並挨了校長的責駡。小水也第一次聽說，阿亮的父親因為射失點球而退役的事情，理解了他心中的隱痛。由於舞蹈隊是給美女準備的，所以小水等一干姐妹準備在話劇社大展身手，沒想到學長也來到這個社團。兩人還扮演王子公主，他們的戀情會由此展開麼？……
203,大佛普拉斯,https://movie.douban.com/subject/27059130/,菜埔（莊益增飾）是一家雕塑廠的夜間保安，家中有一位元重病的老母親需要照顧。肚財（陳竹昇飾）是菜埔唯一的朋友，菜埔經常在值夜班的時候把肚財叫過來和他作伴。一天，兩人突發奇想決定看一看菜埔的老闆黃啟文（戴立忍飾）的行車記錄儀裡記錄了哪些影像，希望向來風流的老闆能夠貢獻出一些精彩的片段以解兩個獨身男人內心裡的寂寞之苦。行車記錄儀所記錄的影像果然沒有讓菜埔和肚財失望，但與此同時，兩人也發現了黃啟文的許多不可告人的秘密。實際上，菜埔和肚財的一舉一動皆沒有逃過黃啟文的眼睛，為了保住自己的地位和名聲，他決定採取一些必要的行動。
204,海邊的曼徹斯特,https://movie.douban.com/subject/25980443/,李（凱西·阿弗萊克CaseyAffleck飾）是一名頹廢壓抑的修理工，在得知哥哥喬伊（凱爾·錢德勒KyleChandler飾）去世的消息後，李回到了故鄉——海邊的曼徹斯特處理喬伊的後事。根據喬伊的遺囑，李將會成為喬伊的兒子派翠克（盧卡斯·赫奇斯LucasHedges飾）的監護人，李打算將派翠克帶回波士頓，但很顯然派翠克並不願意離開家鄉和朋友們，但李亦不願在這片傷心地久留。原來，曼徹斯特埋藏著李的一段絕望的回憶，他的過失使得三個孩子葬身火海，妻子蘭迪（蜜雪兒·威廉姆斯MichelleWilliams飾）亦因此而離開了他。此次重回故鄉，李再度見到了已經再婚並且即將做媽媽的蘭迪，與此同時，派翠克那失蹤已久的母親愛麗絲（格瑞辰·摩爾GretchenMol飾）亦聯繫上了派翠克，希望他能夠成為她的新家庭中的一員。
205,二十二,https://movie.douban.com/subject/26430107/,在日本侵華戰爭的八年間，至少20萬中國婦女被迫淪為日軍的性奴隸，也就是我們經常提及的“慰安婦”。在影片2014年開拍之時，中國內地僅剩22位“慰安婦”倖存者。當光陰慢慢劃過，時間撫平傷口，這些經歷了常人無法想像的磨難的老人們，如今又身在何處，過著怎樣的生活，經歷著怎樣的悲喜憂樂？
206,羅生門,https://movie.douban.com/subject/1291879/,羅生門，日本京都的正南門。雲遊和尚、砍柴人和乞丐在城門底下避雨，三人閒聊，話題開始，故事的序幕拉開：一個武士和他妻子路過荒山，遭遇了不測。妻子被侮辱，而武士慘遭殺害。慘案如何釀成？兇手、妻子、借武士亡魂來做證的女巫，都各有說法。真相只得一個，但是各人提供證詞的目的卻各有不同。為了美化自己的道德，減輕自己的罪惡，掩飾自己的過失，人人都開始敘述一個美化自己的故事版本。荒山上的慘案，成了一團撥不開看不清的迷霧。談論完畢，雨過天晴。砍柴人在羅生門旁發現一個哭泣的棄嬰。他決定收養下來，抱著嬰孩往夕陽深處走去。
207,牯嶺街少年殺人事件,https://movie.douban.com/subject/1292329/,結識小明（楊靜怡）前，小四（張震）是典型的乖仔，是父母的希望和兄妹的驕傲（一家人指望他考上名牌大學將來提升全家的社會地位），他有一個喜歡搖滾樂的自稱“小貓王（王啟贊）”的好友，兩人雖會去樹林看人幽會，但過的是與周圍諸多在“小公園”混的少年人完全兩樣的生活。喜歡上小明後，小四便像跌進一個無底深淵，開始被外界的各種力量牽著鼻子走。新識仰慕物件honey（林鴻銘）猝死，一向敬重的父親的自尊與精神因為某次事件嚴重受損，加上將一次次“欺騙玩弄”他感情的小明“看透”，血氣方剛又有很強道德感的小四終於走上犯罪的道路，期望用自己的刀結束事件的根源。但小四不知的是，他眼中的根源只是這條食物鏈中微不足道的一環。
208,奇跡男孩,https://movie.douban.com/subject/26787574/,奧吉（雅各·特瑞佈雷JacobTremblay飾）是一個10歲的男孩，除了頭戴一個巨大的太空頭盔外，他和其他的同年齡孩子別無二致。頭盔下隱藏了奧吉因為各種手術而傷痕累累的臉龐，它不僅完美的隱藏起了奧吉脆弱自卑的內心，也成功的防止了奧吉的模樣嚇到別的孩子。奧吉沒有上過學，他的所有文化知識都是母親伊莎貝爾（朱麗亞·羅伯茨JuliaRoberts飾）在家教授給他的。然而，伊莎貝爾漸漸感覺到，家庭課堂無法滿足奧吉的成長需要，除了學習知識，奧吉還必須學會的，是如何同除了家人以外的人交流。在憂慮重重之中，伊莎貝爾將奧吉送入了一間公立學校裡，在那裡，奧吉面臨的是他人生中必須要戰勝的挑戰。
209,終結者2：審判日,https://movie.douban.com/subject/1291844/,上一部中，超級電腦“天網”阻止人類抵抗領袖約翰·康納誕生的行動失敗，時隔13年後，在“審判日”到來之前，“天網”派出了更加先進的生化機器人T-1000（羅伯特·派翠克飾）從西元2029年回到洛杉磯追殺已經長大的約翰，與此同時，約翰也派出了機器人T-800（阿諾·施瓦辛格飾）回去保護年幼的自己。此時，薩拉·康納（琳達·漢密爾頓飾）因為怪異的言行而住進了精神療養院，約翰則和養父母住在一起，行為叛逆。T-800找到他們，在逃避T-1000追殺過程中，獲得了二人的信任。為了改變未來的歷史，挽救人類的命運，薩拉、約翰和T-800Model101找到了“天網”之父，邁爾斯·戴森（喬·莫頓飾），說服他銷毀一切有關“天網”的資料，此時，員警和T-1000同時趕來，他們陷入了多方爭鬥中。
210,無間道2,https://movie.douban.com/subject/1307106/,1991年，香港黑幫龍頭倪坤被殺，倪氏家族旗下五大頭目中除韓琛（曾志偉）外，均伺機背叛發難，不料卻被倪家不起眼的第二代倪永孝（吳鎮宇）不費一兵一卒牽制，此舉引來重案祖督察黃志誠（黃秋生）的戒心，使其派出警校學生陳永仁（余文樂）滲入倪家進行長期的臥底工作，而韓琛為了鞏固勢力，早在員警內部安插了線人劉建明（陳冠希）。三年後，事業蒸蒸日上的倪永孝為安枕無憂，決意將五大頭目一舉殲滅，卻因疏忽讓韓琛成為漏網之魚。1997年，大難不死的韓琛重出江湖，為替死去的同事報仇，黃志誠找到他商議合作除掉倪永孝的事宜，不久卻發現此舉鑄成大錯，而各自為自己的尷尬身份苦惱的陳永仁和劉建明，則在無間道的路上越行越遠。
211,房間,https://movie.douban.com/subject/25724855/,女孩喬伊（布麗·拉爾森BrieLarson飾）被一個叫“老尼克”的男人拐騙，之後被他囚禁在其房子後院的棚屋裡長達七年之久。在此期間她遭到強姦，並生下兒子傑克（雅各·特倫布萊JacobTremblay飾）。靠著老尼克時不時的物資補給，母子二人艱難度日。儘管如此，母親還是竭盡所能，為兒子傑克創造了一個安全而開心的成長空間。這個狹小逼仄的房間，成了傑克生活成長的神奇小天地。在傑克度過了他的五歲生日後，母親決定告訴他真相，在這個小小的房間外面，有著更廣闊的世界。他們開始策劃逃跑計畫，決心要逃出這個囚禁他們的房間……本片根據艾瑪·唐納修的同名小說改編。
212,原始程式碼,https://movie.douban.com/subject/3075287/,在阿富汗執行任務的美國空軍飛行員科特史蒂文斯上尉（傑克·吉倫哈爾JakeGyllenhaal飾）突然驚醒，發現自己在一輛高速行駛的列車上，而他的身邊坐著一個素不相識的女子克利斯蒂安（蜜雪兒·莫娜漢MichelleMonaghan飾）正在與自己講話。科爾不知自己為什麼會在這輛車上，而且他發現自己居然是以另一個人的身份存在，正當他迷惑不解的時候，列車上忽然發生爆炸……科特又一次驚醒，發現自己身處一個密閉的太空倉裡，有一位女軍官古德溫（維拉·法米加VeraFarmiga飾）正在通過視頻和自己對話，並要求自己報告列車上發生的事情。一頭霧水的科特還沒搞明白是怎麼回事時，他又一次被送上那輛列車。這次之後，科特終於明白自己在執行一件任務，負責調察芝加哥火車爆炸案找到恐怖份子並查出他的下一個目標。科特被一次又一次的送上那輛高速列車，每次只有八分鐘...
213,青蛇,https://movie.douban.com/subject/1303394/,南宋是一個人妖難分的時期，法海和尚（趙文卓飾）到處收服妖精，也擾亂了在西湖底修煉的白青二蛇。青（張曼玉飾）曾獲白（王祖賢飾）相救，二者便以姐妹相稱。姐妹倆受惑佯裝成人生活在民間，白更嫁于老實書生許仙，青也同時看上了許仙，便常常以媚態勾引許仙，無奈許仙只深愛白一個。白開設了藥店，以為可以自此過上安定的生活，可許仙卻受不了青的百般挑逗，更發現了青白二蛇的真實身份，可他卻不捨得離開家中的天姿國色。法海得知了青白二蛇的下落，更抓走了許仙。原來白為了愛情放棄修成正果，更懷有了身孕。為了救回丈夫，二蛇與法海展開了搏鬥……
214,東京教父,https://movie.douban.com/subject/1310177/,聖誕夜，退役自行車選手Gin，性倒錯者花，離家出走的少女美由紀三人在東京的雪夜中無所事事。這時，他們發現垃圾堆中有一位哭泣的棄嬰。孩子的繈褓中僅有一個酒吧的名片與照片。嬰兒的父母身份成了謎團。花想收留孩子，並將孩子取名清子。但另外2人表示反對。於是三人開始了尋找清子父母的旅程。聖誕夜幸福的氣氛，伴隨的卻是懷中清子的哭泣。無家可歸的三個人，開始為同樣無家可歸的清子找尋屬於她的家。這一隊流浪者，在一夜經歷了諸多奇妙的事件。他們能找到清子的父母嗎？
215,新龍門客棧,https://movie.douban.com/subject/1292287/,宦官專權的明朝中葉，東廠曹少欽（甄子丹）假造聖旨殺害了忠良楊宇軒，並想斬草除根殺死其後代。俠女邱莫言（林青霞）、江湖義士賀虎等人冒死救出忠良後代後，逃至邊關沙漠裡的龍門客棧，與楊宇軒部下周淮安（梁家輝）會合。龍門客棧實則黑店，老闆娘金鑲玉（張曼玉）利用亂世，以美貌和風騷作誘餌殺人越貨聚斂錢財，但她卻為英俊瀟灑的周淮安動了真心。為了摸清潛藏于龍門客棧中的出關暗道，周淮安將計就計，答應與金鑲玉成親。洞房花燭夜，樓上的周淮安與金鑲玉各懷心事暗中較勁，樓下的邱莫言、賀虎等人也與東廠一眾“走狗”展開了明爭暗鬥，戰事一觸即發。
216,瘋狂的麥克斯4：狂暴之路,https://movie.douban.com/subject/3592854/,未來世界，水資源短缺引發了連綿的戰爭。人們相互廝殺，爭奪有限的資源，地球變成了血腥十足的殺戮死戰場。面容恐怖的不死喬在戈壁山谷建立了難以撼動的強大武裝王國，他手下的戰郎駕駛裝備尖端武器的戰車四下搶掠，殺伐無度，甚至將自己的孩子打造成戰爭機器。在最近一次行動中，不死喬的得力戰將弗瑞奧薩（查理茲·塞隆CharlizeTheron飾）帶著生育者們叛逃，這令不死喬惱羞成怒，發誓要追回生育者。經歷了激烈的追逐戰和摧毀力極強的沙塵暴，弗瑞奧薩和作為血主的麥克斯（湯姆·哈迪TomHardy飾）被迫上路，而身後不僅有不死喬的追兵，還有汽油鎮、子彈農場的重兵追逐。末世戰爭，全面爆發……
217,茶館,https://movie.douban.com/subject/1461403/,世紀之交，古老的中國正迎來前所未有的巨大變革。老態龍鍾的大清王朝搖搖欲墜，六君子的鮮血無法阻止歷史車輪的滾動，老北京城的上空風雲變幻，波譎雲詭。王利發（於是之飾），北京城內裕泰茶館的年輕掌櫃。他謹記父親的教誨，體面周全地迎送四方賓客。小小的茶館內，三教九流各色人等穿梭於此：提籠架鳥哀歎時運的松二爺（黃宗洛飾）；慨歎國之將亡的剛毅滿人常四爺（鄭榕飾）；一心謀求實業救國的秦仲義（藍天野飾）；喪盡天良買賣人口的劉麻子（英若誠飾）；打算娶老婆的龐太監（童超飾）……你方唱罷我登場，小小茶館之內演盡世間的滄桑與淒涼……本片根據老舍同名原著改編，並1983年第3屆中國電影金雞獎特別獎、文化部1982年優秀影片獎特別獎。
218,魂斷藍橋,https://movie.douban.com/subject/1293964/,第一次世界大戰期間，回國度假的陸軍中尉羅伊（羅伯特·泰勒）在滑鐵盧橋上邂逅了舞蹈演員瑪拉（費雯·麗），兩人彼此傾心，愛情迅速升溫。就在兩人決定結婚之時，羅伊應招回營地，兩人被迫分離。由於錯過劇團演出，瑪拉被開除，只能和好友相依為命。不久瑪拉得知羅伊陣亡的消息，幾欲崩潰，備受打擊。失去愛情的瑪拉感到一切都失去了意義，為了生存，她和好友不得不淪為妓女。然而命運弄人，就在此時瑪拉竟然再次遇到了羅伊。雖然為羅伊的生還興奮不已，瑪拉卻因自己的失身陷入痛苦之中。感到一切難以挽回的瑪拉潸然離開，獨自來到兩人最初相遇的地點——滑鐵盧橋上…
219,波西米亞狂想曲,https://movie.douban.com/subject/5300054/,本片是對皇后樂隊、傳奇主唱弗雷迪·莫庫裡以及他們音樂的致敬盛宴，這是一段充滿愛、痛苦、接納和音樂的旅程。弗雷迪·莫庫裡（拉米·馬雷克飾）曾是希思羅機場的一名普通搬運工，對音樂滿腔熱血的他，與布萊恩·梅（格威利姆·李飾）、羅傑·泰勒（本·哈迪飾）、約翰·迪肯（約瑟夫·梅澤羅飾）組成皇后樂隊。這個殿堂級樂隊的從無到有，從疏離到重聚，從低谷到巔峰，仿佛就是弗雷迪一生的縮影。在最後的日子裡，弗雷迪做了生命中最重要的決定——在音樂史上最偉大的“拯救生命”大型搖滾樂演唱會上，將所有熱血付諸於歌聲。
220,無恥混蛋,https://movie.douban.com/subject/1438652/,故事分五章進行。二戰中德占法國，德軍上校漢斯（克里斯多夫·瓦爾茲ChristophWaltz飾）號稱“猶太獵人”，在一次屠猶行動中，少女蘇珊娜（梅勒尼·勞倫特MélanieLaurent飾）僥倖逃脫。與此同時，八名美國猶太士兵在中尉奧爾多（布拉德·皮特飾）的帶領下潛入德占法國刺殺德國軍人，其行動神出鬼沒，手法殘忍，對德軍造成相當威脅，被稱為“雜種”。三年後蘇珊娜來到巴黎繼承了姑母的電影院，結識了德國戰鬥英雄，電影《國家榮耀》的主演弗裡德里克（丹尼爾·布魯赫DanielBrühl飾）。對蘇珊娜一見鍾情的弗裡德里克說服德國宣傳部長約瑟夫·戈培爾（西爾維斯特·格洛斯SylvesterGroth飾）在蘇珊娜的影院首映《國家榮耀》，希特勒（馬丁·烏特克MartinWuttke飾）本人也將出席。蘇珊娜決定借放映之機燒毀影院；而在...
221,步履不停,https://movie.douban.com/subject/2222996/,“人生路上步履不停，為何總是慢一拍”。位於偏遠小鎮的橫山一家，生活平靜祥和。父親恭平（原田芳雄飾）是業已退休的醫生，卻時時牽掛小鎮診所內的事務。長子純平繼承了父親的事業，卻在15年前為救落水兒童而溺水身亡。次子良多（阿部寬飾）與父親意見相左，執意前往異地當起了繪畫修復師。多年的打拼換來的卻是失業，困頓的良多與帶著孩子的由香裡（夏川結衣飾）結婚，相互扶持，繼續生活。又逢純平的忌日，良多和姐姐千奈美（YOU飾）帶著家人分別趕回家中。平靜的橫山家再次熱鬧起來……本片榮獲2009年藍絲帶最佳導演獎和最佳女配角獎（樹木希林）、2008年報知電影和2009年電影旬報最佳女配角（樹木希林）、2009年每日電影獎最佳男主角（阿部寬）、2008年馬塔布拉塔國際電影節評審團大獎和最佳影片。
222,血鑽,https://movie.douban.com/subject/1428175/,九十年代非洲獅子山，連連戰火使這片土地飽受摧殘，非法鑽石貿易日益猖獗。阿徹（萊昂納多•迪卡普里奧飾）是一個地道的戰爭販子，靠倒賣戰區鑽石為生，他在監獄中無意得知漁夫所羅門手裡有極品粉鑽。意識到這是自己離開非洲的機會，出獄後，他找到所羅門，準備和他一起找出鑽石，離開非洲。所羅門是普通的漁民，因為內戰和家人分離，被叛軍強制開採鑽石，他發現一顆極品粉鑽，藏了起來；戰亂來臨，所羅門進了監獄，後被阿徹救出，並在戰地記者麥迪•鮑文(珍妮佛•康納利飾)的幫助下，找到了失散的家人，此時，他的兒子迪亞卻被叛軍帶走，生死未蔔。悲憤的所羅門答應和阿徹合作，在叛軍的控制範圍內尋找鑽石，並尋找兒子。兩個截然不同的人，因為一顆血鑽將命運聯繫在了一起。
223,彗星來的那一夜,https://movie.douban.com/subject/25807345/,在一個靜得有些詭異陰森的夜晚，年輕女子艾米麗（艾米麗·芭爾多尼EmilyBaldoni飾）驅車來到朋友家參加聚會。此前她一邊開車一邊和男友打電話，然而通話突然中斷，她的手機屏也莫名其妙出現裂痕。這一事件讓艾米麗的心中升起隱隱不安，因為當晚一顆彗星剛好接近地球，一個很久之前聽過的傳說使她對彗星的到來有著不祥的預感。稍後，朋友們落座，大家彼此交談，敘說近況，雖然言語中有著許多莫名其妙、蹊蹺反常的線索，然而均被一帶而過。突然間，燈光盡滅。當光明重新來臨時，眾人發現附近只有一戶人家還在亮燈，而亮燈人家裡坐著的竟是……本片榮獲2014年阿姆斯特丹奇幻電影節黑鬱金香獎。
224,千鈞一髮,https://movie.douban.com/subject/1300117/,未來的世界，科技的力量勝過一切，基因決定命運，幾乎成為金科玉律。不幸文森特（伊桑•霍克EthanHawke飾）是一個基因不良的人，出生以來就決定了他近視和心臟病的缺陷，他只能活到30歲。於是父母為文森特增添了一個有著優良基因的弟弟。文森特的夢想是漫遊太空，然而惡劣的基因令他無法圓夢，直到他遇到了太空中心的傑羅姆（裘德•洛JudeLaw飾）。傑羅姆有優秀的基因，卻在一次意外中半身癱瘓。二人決定調換身份，文森特千方百計隱藏自己的基因資訊，每天都認真清洗掉自己的皮屑毛髮，不暴露任何蛛絲馬跡。另一方面，傑羅姆幫他籌備進入太空前需要檢查的基因物品。事情進展得非常順利，然而一樁謀殺案和一根睫毛，讓事情節外生枝。
225,駭客帝國2：重裝上陣,https://movie.douban.com/subject/1304141/,上一部結尾，尼奧（基奴李維斯飾）終於意識到自己的能力和使命，中彈復活後，變成了無所不能的“救世主”，他和女友崔妮蒂（凱莉·安·摩絲飾），艦長墨菲斯（勞倫斯·菲什伯恩飾）回到了人類的基地錫安，受到人們的熱烈歡迎。此時，“母體”決定先下手為強，派出了兩萬五千隻電子烏賊攻擊錫安基地；墨菲斯、尼奧和崔妮蒂則再次進入“母體”，尋找“制鑰者”，準備從內部破壞；而本該被尼奧消滅的特勤史密斯似乎出了點問題，脫離了“母體”的控制，擁有可怕的複製能力，阻礙尼奧他們的行動。
226,戰爭之王,https://movie.douban.com/subject/1419936/,本來美國移民尤瑞（尼古拉斯•凱奇NicolasCage飾）的家族生意是開飯館。但是一個偶然的機會令他踏入了軍火生意的大門，從此開始了販賣武器的“職業生涯”。尤瑞遇事機智，膽大心細，這不僅讓他成功俘獲了美女埃娃的心，還使得他在地下軍火生意中愈戰愈勇。但是，不順心的事情也隨之而來：出現了生意上的死對頭和一名老是盯著他的國際員警；弟弟染上毒癮，並在一單生意交易中喪了命，而且，儘管他在竭力維護自己在家庭裡的正義形象，但卻掩蓋不了真相。尤瑞開始反省自己生意的正義性，拷問自己的良心，但一切太遲，他已經眾叛親離……
227,燃情歲月,https://movie.douban.com/subject/1295865/,遼闊的西部草原住著一位父親和他的三個兒子——父親是退了休的騎兵上校，三個兒子個性鮮明：大兒子艾爾弗萊德（艾丹•奎因AidanQuinn飾）忠厚老實，二兒子特裡斯坦（布拉德•皮特BradPitt飾）狂放不羈，最小的兒子撒母耳（亨瑞•湯瑪斯HenryThomas飾）溫文爾雅。父子在大草原的生活隨著撒母耳未婚妻蘇珊娜（朱麗亞•奧蒙德JuliaOrmond飾）的到來而改變。蘇珊娜年輕漂亮，給艾爾弗萊德帶來了內心的震動。他暗戀她，然而蘇珊娜心裡卻不由自主的迷戀上豪放粗獷的特裡斯坦。出於道德的堅守，他們一直壓抑著內心的感情。直到撒母耳壯烈犧牲在前線，事情有了變化。特裡斯坦非常愛戴哥哥，無法面對已經愛上蘇珊娜的現實，於是離家出走。而蘇珊娜萬念俱灰，答應嫁給了艾爾弗萊德，而特裡斯坦在草原之外也已結婚生子。事情好像趨於了平靜，但特裡斯坦妻子...
228,背靠背，臉對臉,https://movie.douban.com/subject/1307856/,王雙立（牛振華飾）是某地文化館的代館長，這個館長一代就是好幾年，想升也升不上去，卻也沒有其他變動。不料一天，來了新的文化館長老馬（雷恪生飾），這讓王雙立離正館長的距離更遠了。新館長老馬原是個副鄉長，王雙立認為他是個土包子，心裡很是不以為然，利用自己對文化館人際關係熟悉的優勢，想方設法給老馬出難題。經過幾輪較量，老馬終於被擠走，王雙立又成了代館長，再次受領導重用，豈料，螳螂捕蟬黃雀在後，秘書小閻（李強飾）成了新一任館長。王雙立不甘心，再次和小閻鬥法，想將對方擠走，這次王雙立還能如願與償嗎？電影《背靠背，臉對臉》獲得第二屆大學生電影節最佳故事片和最佳男主角獎、東京國際電影節最佳男主角獎、第15屆金雞獎最佳導演和最佳合作片獎、第14屆香港電影金像獎十大華語片。
229,小丑,https://movie.douban.com/subject/27119724/,濕冷無望的哥譚市，卑微的亞瑟·弗蘭克（華金·費尼克斯JoaquinPhoenix飾）依靠扮演小丑賺取營生。與之相依為命的母親患有精神疾病，而亞瑟深記母親的教誨，無論遭受怎樣的挫折都笑對人生，卻因此讓自己背負著莫大的壓力，瀕臨崩潰。他夢想成為一名脫口秀演員，怎奈生活一次次將失望狠狠地砸在他的頭上。不僅如此，他因意外丟掉了工作，偶然瞥見母親的秘密，又使他心中燃起對那個與之地位懸殊卻從未謀面的父親的殷切渴望。命運習慣了事與願違，空蕩蕩的地鐵內，悲傷的小丑在無法自已的癲狂笑聲中大開殺戒……本片榮獲第76屆威尼斯電影節金獅獎。
230,諜影重重2,https://movie.douban.com/subject/1308767/,經過上一集的腥風血雨之後，伯恩（馬特·達蒙飾）和女朋友瑪麗（弗蘭卡·潑坦特飾）隱居在印度偏僻的海邊小鎮，想忘記以前的生活。一天，神秘組織的殺手來到小鎮，打破了伯恩二人世界的寧靜，女友瑪麗在逃亡途中被槍殺。為了查出真相，伯恩重新開始戰鬥，他發現以前工作的中情局開始重新尋找他，自己被捲入了一場刺殺活動中，被人誣陷破壞了中情局的一次情報交易，殺害特工。伯恩別無選擇，他只能找到冒充自己的人，才能洗刷清白，為女友報仇。
231,崖上的波妞,https://movie.douban.com/subject/1959877/,海神的女兒波妞從深海出逃玩耍，卻被困在玻璃瓶裡沖到岸上，碰巧被住在岸邊懸崖的宗介救出，兩人因此相識。但是波妞的父親——魔法師藤本，認為人類世界骯髒醜陋，強行把波妞帶回海裡。面對父親的阻撓、席捲小鎮的海嘯，以及永遠失去魔法的威脅，波妞仍然大膽而堅決地決定——要變成人類跟宗介在一起。而承諾要永遠保護波妞的宗介，也即將面臨新的挑戰...
232,海洋,https://movie.douban.com/subject/3443389/,《海洋》耗時五年，耗資5000萬歐元，動用12個攝製組、70艘船，在全球50個拍攝地，有超過100個物種被拍攝，超過500小時的海底世界及海洋相關素材，是史上投資最大的紀錄片。海洋是什麼？這部電影告訴你答案。這是一部以環保為主題，令人心曠神怡、歎為觀止的生態學紀錄片。本片聚焦於覆蓋著地球表面的四分之三的“藍色領土”。導演深入探索這個幽深而富饒的神秘世界、完整地呈現海洋的壯美遼闊。真實的動物世界的冒險遠比動畫片中的故事來的精彩，接下來銀幕展開——巨大的水母群、露脊鯨、大白鯊、企鵝等。毫不吝嗇在鏡頭前展示他們旺盛的生命力，讓人歎為觀止。
233,阿飛正傳,https://movie.douban.com/subject/1305690/,1960年代的香港，因生母在阿飛旭仔（張國榮）長大成人過程中的缺失，他把自己優雅地比喻為“無根鳥”，對生命中遇到的每一個女人都表現得放蕩不羈，售票員蘇麗珍（張曼玉）和舞女咪咪（劉嘉玲）先後令他感受過溫暖，可是她們也只能當當小情人。為擺脫沉重和無力感，旭仔拋下一切去南洋找尋生母。暗戀過蘇麗珍且目睹過她與旭仔情感一路變化的，曾是小巡警今在跑船的超仔（劉德華）在菲律賓又遇到旭仔，是緣分也是宿命，他參與、見證了阿飛命運被改寫的過程。
234,穿越時空的少女,https://movie.douban.com/subject/1937946/,17歲少女紺野真琴是一個活潑跳脫的少女。在一次普通值日工作中，真琴不小心摔倒了，自此她發現自己擁有了穿越時空的能力。她興奮不已，掌握了穿越時空的方法後，她經常用這個方法去解決生活中許多令她困擾十分的事。喜歡棒球的真琴與同班的兩名男生千昭與功介有著共同愛好。一天，與她本是好朋友的千昭突然向她表達愛意，手足無措了她再次穿越時空希望可以躲避這件事的發生。但沒想到，千昭會跟同學友梨在一起了，而友梨也是一直喜歡千昭的。此時，暗戀功介的果穗誤以為真琴是功介的女友。為了幫忙解決朋友的問題，真琴不斷以同樣的方法回到過去。她突然發現自己手臂上的數字原來是穿越時空的次數，次數變得越來越少，與此同時她也發現了千昭的秘密……
235,諜影重重,https://movie.douban.com/subject/1304102/,傑森·伯恩（馬特·達蒙飾）在義大利被人從海上救起，他失去了記憶，除了臀部的瑞士銀行帳號之外，他完全沒有辦法證明自己的身份。傑森從瑞士銀行找到了大量的現金，六本護照，一把槍，同時他發現自己格鬥、槍械、和語言等方面的能力，他開始追查自己的身份，並且把陌生女子瑪麗（弗蘭卡·潑坦特飾）也卷了進來。兩人從瑞士到巴黎，一路上受到神秘殺手組織的追殺，危機重重。傑森能否化險為夷，找到自己的真實身份？他是否有勇氣面對真相？
236,地球上的星星,https://movie.douban.com/subject/2363506/,對於8歲的男孩伊夏（達席爾·薩法瑞DarsheelSafary飾）來說，世界是充滿了驚奇和快樂的萬花筒，他正在用一切他能夠想到的方式和這個陌生的世界進行著交流，同時也充分的享受著大地萬物慷慨的贈與。可是，這樣的伊夏卻是成年人眼中的問題兒童，他的成績不好，在班上的排名靠後，腦子裡還充滿了各種匪夷所思的鬼點子，在又一次闖下大禍後，忍無可忍的父母將他送往了寄宿學校。雖然伊夏的新生活並沒有什麼改變，但在內心裡，和父母分離的生活讓他感到悶悶不樂，這時，一位名叫尼克（阿米爾·汗AamirKhan飾）的美術老師走進了他的生活。和以往所見到的固守成規的老師不同，尼克主張讓學生們保留自己的個性和思想，自由的發展。在和尼克相處的日子裡，伊夏和尼克都慢慢的成熟了起來。
237,香水,https://movie.douban.com/subject/1760622/,十八世紀，讓-馬普蒂斯特•格雷諾耶（本•韋肖BenWhishaw飾）出生在巴黎最骯髒、最惡臭不堪的地方——魚市場上。格雷諾耶天生對氣味有著驚人的天賦：無論惡臭還芳香，他都一一記住，並能輕易分辨各種氣味。當他在孤兒院長到13歲的時候，被院長賣給了制皮匠。格雷諾耶在制皮鋪過著犬馬不如的生活。機緣巧合，格雷諾耶在香水巴爾蒂尼面前展露了其過人的天賦，進入了香水鋪工作。但格雷諾耶並不僅僅滿足於製作出世界上最芳香的香水，他夢想學得如何保存萬物氣味的方法。巴爾蒂尼告訴格雷諾耶香水的起源地在格拉斯，那裡的人知道保存氣味的方法。格雷諾耶拿著巴爾蒂尼的推薦信來到了格拉斯。格雷諾耶愛上了青春少女的體香，為了把這種香味保存下來，格雷諾耶最終走上了殺手的道路。
238,愛樂之城,https://movie.douban.com/subject/25934014/,米婭（艾瑪·斯通EmmaStone飾）渴望成為一名演員，但至今她仍舊只是片場咖啡廳裡的一名平凡的咖啡師，儘管不停的參加著大大小小的試鏡，但米婭收穫的只有失敗。某日，在一場派對之中，米婭邂逅了名為塞巴斯汀（瑞恩·高斯林RyanGosling飾）的男子，起初兩人之間產生了小小的矛盾，但很快，米婭便被塞巴斯汀身上閃耀的才華以及他對爵士樂的純粹追求所吸引，最終兩人走到了一起。在塞巴斯汀的鼓勵下，米婭辭掉了咖啡廳的工作，專心為自己寫起了劇本，與此同時，塞巴斯汀為了獲得一份穩定的收入，加入了一支流行爵士樂隊，開始演奏自己並不喜歡的現代爵士樂，沒想到一炮而紅。隨著時間的推移，努力追求夢想的兩人，彼此之間的距離卻越來越遠，在理想和感情之間，他們必須做出選擇。
239,再次出發之紐約遇見你,https://movie.douban.com/subject/6874403/,格雷塔（凱拉·奈特莉KeiraKnightley飾）拋棄了一切跟隨著男友戴夫（亞當·李維AdamLevine飾）來到美國紐約實現他們的音樂和愛情夢想，沒想到曾經幻想過的美好一切化作泡影，在獲得了更好的工作機會後，戴夫果斷拋棄了格雷塔，留下她一人苦苦在底層掙扎。丹（馬克·魯法洛MarkRuffalo飾）最近的生活也不好過，他發現自己無法從思念前妻馬里安（凱薩琳·基納CatherineKeener飾）的感情中走出來，與此同時，他的女兒維奧萊特（海莉·斯坦菲爾德HaileeSteinfeld飾）正處於一生中最叛逆的階段。丹和格雷塔，命運讓這失意的兩人於一間小小的酒吧裡相遇了，等待著他們的，會是怎樣充滿波折而又浪漫滿滿的故事呢？
240,我愛你,https://movie.douban.com/subject/5908478/,飄雪的坡道上，送牛奶的老頭子金萬皙（李順載飾）邂逅了收廢品的老太太宋怡芬（尹秀晶飾）。他們的前半生各自背負著艱辛的人生：萬皙年輕時我行我素，直到妻子病逝才深覺愧疚；怡芬被心愛的男人拋棄在城市角落，孩子夭折後至老未嫁。兩位老人在每天淩晨寂靜的街道上相遇，孤獨而苦難的生活令他們漸漸靠近。在萬皙孫女妍兒（宋智孝飾）的穿針引線下，如初戀般的悸動萌發在了彼此心中。萬皙的朋友、停車場管理員張軍峰（宋在河飾）一直耐心的看護著患有老年癡呆症的老伴。直到有一天，軍峰得知老伴已患絕症。目睹她一次次痛苦病發，心如刀絞的軍峰做出了悲傷的決定……影片改編自韓國著名網路漫畫家薑草的同名作品，已公演的同名舞臺劇亦受到好評。
241,完美陌生人,https://movie.douban.com/subject/26614893/,"三對處於各個婚姻階段的伴侶和一個宅男，七人聚在一起吃晚餐。女主人提議下拍板決定當夜所有人分享每一個電話、每一條短信、郵件的內容,由此許多秘密開始不再是秘密，他們之間的關係也開始發生波動。無數瘡痍在這場“坦白局”中被揭開，複雜的男女情感讓所有人陷入困局，什麼是婚姻感情中最不可觸碰的底線？眾人遭遇是難言的禁忌還是隱藏的真心，月食過後，謊言能否繼續？"
242,朗讀者,https://movie.douban.com/subject/2213597/,15歲的少年米夏·伯格（大衛·克勞斯DavidKross飾）偶遇36歲的中年神秘女列車售票員漢娜（凱特·溫絲萊特KateWinslet飾），後來兩個發展出一段秘密的情人關係。漢娜最喜歡躺在米夏懷裡聽米夏為他讀書，她總是沉浸在那朗朗的讀書聲中。年輕的米夏沉溺於這種關係不能自拔的同時，卻發現他自己根本不瞭解漢娜。忽然有一天，這個神秘女人不告而別，米夏在短暫的迷惑和悲傷之後，開始了新的生活。二戰雖然結束了，但德國對於納粹戰犯的審判還在繼續。成為法律學校的實習生的米夏，在一次旁聽對納粹戰犯的審判過程中，竟然發現一個熟悉的身影。雖然已經事隔8年，但米夏還是一眼便認出那就是消失8年的漢娜。而這一次，她坐上了納粹戰犯審判法庭的被告席，這個神秘女人的往事在案件的審理過程中逐漸清晰。然而，米夏卻發現了一個漢娜寧願搭上性命也要隱藏秘密。漢娜最終被判終身監...
243,火星救援,https://movie.douban.com/subject/25864085/,載人航太太空船阿瑞斯3號成功抵達火星，誰知一場破壞力極其巨大的風暴向宇航員們襲來，阿瑞斯3號被迫中斷任務，緊急返航。撤離途中，宇航員馬克·沃特尼（馬特·達蒙MattDamon飾）被飛船上吹落的零件擊中，由於生還希望渺茫，隊友們只得匆匆返航，並向世人宣告他已犧牲的事實。出乎意料的是，馬克以極低的概率活了下來。他躲進駐火星的航太基地療傷。下一次火星任務要等到四年後，而基地內的補給僅夠他維持31天。短暫的絕望後，馬克決定利用有限的食物，在這顆空無一人的星球上種植作物，尋找一線生機。與此同時，地球方面也很快發現馬克生還的事實，他們想盡辦法部署營救計畫。孤軍奮戰的馬克，能否等到救援隊伍的到來？影片改編自安迪·威爾的同名科幻小說。
244,聚焦,https://movie.douban.com/subject/25954475/,"“聚焦”是波士頓環球報的一個專欄，羅比·羅賓森（邁克爾·基頓飾）是""聚焦""欄目的編輯，欄目擁有一個獨立的調查小組，組員包括薩夏·菲弗（瑞秋·麥克亞當斯飾），邁克爾（馬克·魯弗洛飾），馬特·卡羅爾（布萊恩·達西·詹姆斯飾）。當馬蒂·巴倫（列維·施瑞博爾飾）接替了環球報的總編輯一職，他開始指派羅賓森和他的團隊，緊跟一樁被雪藏已久的案件，一個天主教牧師性騷擾教區裡的孩子。雖然最開始他們以為這只是個小任務，但很快他們就發現，其背後還隱藏一系列事件，涉及了上百名受害者，而教會已經私下賠償了受害者，並派人掩蓋了這些罪行。隨著調查的越發深入，他們發現這一陰謀的更多證據，不僅僅是神職人員，就在波士頓以外，甚至全世界，都在上演著這種暴行。羅賓森和他的團隊遭遇到了當地官員們的掣肘。教會內的，教會外的勢力都在向他們施壓，想讓他們放棄這個案件。"
245,驢得水,https://movie.douban.com/subject/25921812/,一群“品行不端”卻懷揣教育夢想的大學教師，從大城市來到偏遠鄉村開辦了一所小學校。學校待遇慘澹、生活艱苦，但老師們都自得其樂，每天嘻嘻哈哈打成一片。然而教育部特派員要來突擊檢查的消息打破了安寧，因為學校有一位“驢得水老師”隱藏著不可告人的秘密。就在所有人都擔心醜事即將敗露的時候，一個神奇天才的出現拯救了大家，然而誰能料到真正的麻煩才剛剛開始……
246,小蘿莉的猴神大叔,https://movie.douban.com/subject/26393561/,電影講述了一個擁有虔誠宗教信仰的單純印度男人幫助巴基斯坦啞女與父母重聚的故事。印度教教徒帕萬（薩爾曼·汗飾）在一次機緣巧合下結識了與母親走失並有語言障礙的穆斯林小女孩沙希達（哈爾莎莉·瑪律霍特飾）。在得知沙希達是巴基斯坦人後，帕萬決定幫助她回家，可在回巴基斯坦途中卻四處碰壁，遭遇領事館衝突、被旅遊局欺騙之後，帕萬立志將不惜一切代價盡其所能帶沙希達回到自己的家鄉與家人團聚。
247,浪潮,https://movie.douban.com/subject/2297265/,賴納•文格爾（JürgenVogel飾）是德國某所高中的老師，該學校正在進行“國家體制”的主題活動周。由於他最喜歡的“無政府主義”課被另一位老師捷足先登，因此他只能主講“獨裁統治”課程。對於自由散漫的學生們來說，任何課程都只是為了學分而上。他們在課上大聲聊天，無心聽講。文格爾別出心裁提出假想“獨裁”的實驗。在為期一周的實驗中，文格爾被置於至高無上的地位，學生們對他要絕對服從。從最初的玩樂心態，這些青年男女漸漸沉湎這個名為“浪潮”的組織中，他們體會到集體和紀律的重要性，卻在不知不覺中滑向了“獨裁”與“納粹”的深淵……本片根據真實事件改編，並榮獲2008年德國電影傑出劇情片和最佳男配角獎（FrederickLau）。
248,千年女優,https://movie.douban.com/subject/1307394/,60歲的立花源也和28歲的攝影師井田恭二不遠千里跋山涉水上門去拜訪隱居了三十年的一代影星藤原千代子，為了給她拍攝一生自傳的紀錄片。款款前來的千代子雖然已界75歲高齡，但仍然優雅美麗，左眼下標誌性的小痣也仍然俏皮。立花雙手遞上一把鑰匙，千代子深受震動，稱這把鑰匙是開啟一個秘密的關鍵，當年她不慎丟失，今日竟還能再回手中。千代子的思緒飛到老遠。1926年9月1日，藤原千代子呱呱墜地，水靈清秀的她16歲就被星探發掘，然而直到遇上一個畫家，她救他於亂世中，藏於自家倉庫內，他贈她一把鑰匙，說這是開啟秘密的關鍵，並承諾再與她重逢時帶她去看北海道的雪。然而次日千代子放學歸家時畫家已經因為逃開追捕逃離遠去。千代子自此進入電影圈，只因為畫家最後說他會去滿洲作戰，而第一部電影承諾會去滿洲取景。從此千代子的銀幕生涯拉開，拍攝了代表日本戰國、幕府、大正及昭和等四個不同時...
249,猜火車,https://movie.douban.com/subject/1292528/,蘇格蘭愛丁堡，雷登（伊萬·麥克葛列格EwanMcGregor飾）、土豆（艾文·布萊納EwenBremner飾）和病仔（約翰尼·李·米勒JonnyLeeMiller飾）三個青年過著混沌糜爛的生活，他們吸毒、濫交、詐騙無所不作，而在如此肆無忌憚揮霍青春的過程中，毒品成為一切萬惡之源。雷登對之亦愛亦恨，試圖戒毒卻最終重蹈覆轍。在一次縱情狂歡後，他們三個不知誰和少女愛麗森（SusanVidler飾）所生的嬰兒死去。以此為開端，噩夢真正降臨。土豆搶劫時鋃鐺入獄，雷登吸食毒品過量被送往醫院搶救，後被強制戒毒。恐怖的幻覺和心底生氣的恐懼迫使他不得不和毒品一刀兩斷。看似美好的新生活，但往日狐朋狗友貝格比（羅伯特·卡萊爾RobertCarlyle飾）等找上門來，再度給他帶來無限的煩惱……本片根據歐文·威爾士（IrvineWelsh）的...

